6w924c340,http://127.0.0.1:8080/fedora/rest/dev/xk/81/jk/87/xk81jk876
6w924c358,http://127.0.0.1:8080/fedora/rest/dev/3b/59/18/85/3b591885p
6w924c33q,http://127.0.0.1:8080/fedora/rest/dev/gb/19/f6/18/gb19f618f
6w924c36j,http://127.0.0.1:8080/fedora/rest/dev/sx/61/dm/68/sx61dm68v
xp68kg64d,http://127.0.0.1:8080/fedora/rest/dev/xk/81/jk/87/xk81jk876
xp68kg61k,http://127.0.0.1:8080/fedora/rest/dev/nk/32/2d/76/nk322d76k
xp68kg634,http://127.0.0.1:8080/fedora/rest/dev/xk/81/jk/87/xk81jk876
xp68kg62v,http://127.0.0.1:8080/fedora/rest/dev/bc/38/6j/68/bc386j68h
00000034t,http://127.0.0.1:8080/fedora/rest/dev/7s/75/dc/71/7s75dc71j
00000033j,http://127.0.0.1:8080/fedora/rest/dev/mg/74/qm/48/mg74qm48c
000000328,http://127.0.0.1:8080/fedora/rest/dev/ng/45/1h/90/ng451h905
000000353,http://127.0.0.1:8080/fedora/rest/dev/gf/06/g3/11/gf06g311r
8s45q911z,http://127.0.0.1:8080/fedora/rest/dev/z6/03/qx/80/z603qx80x
8s45q907c,http://127.0.0.1:8080/fedora/rest/dev/gb/19/f6/18/gb19f618f
8s45q908n,http://127.0.0.1:8080/fedora/rest/dev/9z/90/30/36/9z9030362
8s45q910p,http://127.0.0.1:8080/fedora/rest/dev/mk/61/rh/37/mk61rh373
pn89d703d,http://127.0.0.1:8080/fedora/rest/dev/gb/19/f6/18/gb19f618f
pn89d704p,http://127.0.0.1:8080/fedora/rest/dev/gb/19/f6/18/gb19f618f
pn89d7067,http://127.0.0.1:8080/fedora/rest/dev/xk/81/jk/87/xk81jk876
pn89d705z,http://127.0.0.1:8080/fedora/rest/dev/xk/81/jk/87/xk81jk876
cc08hf952,http://127.0.0.1:8080/fedora/rest/dev/gb/19/f6/18/gb19f618f
cc08hf96b,http://127.0.0.1:8080/fedora/rest/dev/mg/74/qm/48/mg74qm48c
rj430487c,http://127.0.0.1:8080/fedora/rest/dev/z6/03/qx/80/z603qx80x
rj4304863,http://127.0.0.1:8080/fedora/rest/dev/gb/19/f6/18/gb19f618f
q524jp10z,http://127.0.0.1:8080/fedora/rest/dev/gb/19/f6/18/gb19f618f
2b88qc580,http://127.0.0.1:8080/fedora/rest/dev/mg/74/qm/48/mg74qm48c
2b88qc57q,http://127.0.0.1:8080/fedora/rest/dev/gb/19/f6/18/gb19f618f
2b88qc598,http://127.0.0.1:8080/fedora/rest/dev/1z/40/kt/26/1z40kt26d
ft848q94g,http://127.0.0.1:8080/fedora/rest/dev/xk/81/jk/87/xk81jk876
ft848q961,http://127.0.0.1:8080/fedora/rest/dev/qz/20/st/01/qz20st012
pk02cb071,http://127.0.0.1:8080/fedora/rest/dev/xk/81/jk/87/xk81jk876
pk02cb06r,http://127.0.0.1:8080/fedora/rest/dev/nk/32/2d/78/nk322d784
pk02cb089,http://127.0.0.1:8080/fedora/rest/dev/jm/21/4p/59/jm214p59n
qf85nb748,http://127.0.0.1:8080/fedora/rest/dev/xk/81/jk/87/xk81jk876
qf85nb72q,http://127.0.0.1:8080/fedora/rest/dev/bc/38/6j/68/bc386j68h
qf85nb730,http://127.0.0.1:8080/fedora/rest/dev/mg/74/qm/49/mg74qm49n
qf85nb76t,http://127.0.0.1:8080/fedora/rest/dev/z6/03/qx/80/z603qx80x
qf85nb773,http://127.0.0.1:8080/fedora/rest/dev/qz/20/st/01/qz20st012
8p58pd33r,http://127.0.0.1:8080/fedora/rest/dev/7s/75/dc/71/7s75dc71j
8p58pd359,http://127.0.0.1:8080/fedora/rest/dev/db/78/tc/35/db78tc35f
8p58pd32g,http://127.0.0.1:8080/fedora/rest/dev/cz/30/pt/06/cz30pt06p
8p58pd341,http://127.0.0.1:8080/fedora/rest/dev/qz/20/st/01/qz20st012
44558d705,http://127.0.0.1:8080/fedora/rest/dev/sx/61/dm/68/sx61dm68v
44558d71f,http://127.0.0.1:8080/fedora/rest/dev/jm/21/4p/59/jm214p59n
x633f147d,http://127.0.0.1:8080/fedora/rest/dev/57/12/m6/92/5712m6923
1831ck17m,http://127.0.0.1:8080/fedora/rest/dev/xk/81/jk/87/xk81jk876
tx31qj02m,http://127.0.0.1:8080/fedora/rest/dev/7s/75/dc/71/7s75dc71j
tx31qj01b,http://127.0.0.1:8080/fedora/rest/dev/xk/81/jk/87/xk81jk876
5q47rp105,http://127.0.0.1:8080/fedora/rest/dev/xk/81/jk/87/xk81jk876
xd07gt01c,http://127.0.0.1:8080/fedora/rest/dev/xk/81/jk/87/xk81jk876
db78tc345,http://127.0.0.1:8080/fedora/rest/dev/tm/70/mv/56/tm70mv56x
q811kj99d,http://127.0.0.1:8080/fedora/rest/dev/db/78/tc/35/db78tc35f
q811kj984,http://127.0.0.1:8080/fedora/rest/dev/m0/39/k5/32/m039k532d
6w924c32f,http://localhost:8080/fedora/rest/dev/d7/91/sg/62/d791sg62t
2b88qc601,http://localhost:8080/fedora/rest/dev/1z/40/kt/26/1z40kt26d
ft848q92x,http://localhost:8080/fedora/rest/dev/8c/97/kq/91/8c97kq91n
qf85nb75j,http://localhost:8080/fedora/rest/dev/jm/21/4p/59/jm214p59n
44558d69d,http://localhost:8080/fedora/rest/dev/nc/58/0n/01/nc580n017
ft848q936,http://localhost:8080/fedora/rest/dev/nc/58/0n/01/nc580n017
ft848q95r,http://localhost:8080/fedora/rest/dev/sx/61/dm/68/sx61dm68v
pk02cb05g,http://localhost:8080/fedora/rest/dev/m0/39/k5/28/m039k528t
xd07gt02n,http://localhost:8080/fedora/rest/dev/xk/81/jk/87/xk81jk876
6395w743r,http://localhost:8080/fedora/rest/dev/8c/97/kq/91/8c97kq91n
6395w7416,http://localhost:8080/fedora/rest/dev/gb/19/f6/18/gb19f618f
6395w742g,http://localhost:8080/fedora/rest/dev/gb/19/f6/18/gb19f618f
6395w746k,http://localhost:8080/fedora/rest/dev/2b/88/qc/61/2b88qc619
6395w7459,http://localhost:8080/fedora/rest/dev/m0/39/k5/32/m039k532d
6682x4341,http://localhost:8080/fedora/rest/dev/z6/03/qx/80/z603qx80x
6682x4295,http://localhost:8080/fedora/rest/dev/9z/90/30/36/9z9030362
6682x432g,http://localhost:8080/fedora/rest/dev/jm/21/4p/59/jm214p59n
6682x430x,http://localhost:8080/fedora/rest/dev/xk/81/jk/87/xk81jk876
6682x433r,http://localhost:8080/fedora/rest/dev/jm/21/4p/59/jm214p59n
6682x4316,http://localhost:8080/fedora/rest/dev/xk/81/jk/87/xk81jk876
6682x428w,http://localhost:8080/fedora/rest/dev/m0/39/k5/26/m039k5268
fq977v20n,http://localhost:8080/fedora/rest/dev/mg/74/qm/48/mg74qm48c
fq977v23g,http://localhost:8080/fedora/rest/dev/sx/61/dm/68/sx61dm68v
fq977v226,http://localhost:8080/fedora/rest/dev/xk/81/jk/87/xk81jk876
fq977v21x,http://localhost:8080/fedora/rest/dev/bc/38/6j/68/bc386j68h
fq977v251,http://localhost:8080/fedora/rest/dev/7s/75/dc/71/7s75dc71j
fq977v24r,http://localhost:8080/fedora/rest/dev/db/78/tc/33/db78tc33w
cf95jb83g,http://localhost:8080/fedora/rest/dev/2f/75/r8/44/2f75r844w
cf95jb84r,http://localhost:8080/fedora/rest/dev/nc/58/0n/01/nc580n017
cf95jb869,http://localhost:8080/fedora/rest/dev/jm/21/4p/59/jm214p59n
cf95jb851,http://localhost:8080/fedora/rest/dev/xk/81/jk/87/xk81jk876
cf95jb87k,http://localhost:8080/fedora/rest/dev/qz/20/st/01/qz20st012
br86b386f,http://localhost:8080/fedora/rest/dev/tm/70/mv/51/tm70mv51j
br86b3898,http://localhost:8080/fedora/rest/dev/xk/81/jk/87/xk81jk876
br86b387q,http://localhost:8080/fedora/rest/dev/bc/38/6j/68/bc386j68h
br86b3880,http://localhost:8080/fedora/rest/dev/xk/81/jk/87/xk81jk876
br86b384w,http://localhost:8080/fedora/rest/dev/m9/00/nt/77/m900nt773
br86b3919,http://localhost:8080/fedora/rest/dev/tm/70/mv/56/tm70mv56x
br86b3901,http://localhost:8080/fedora/rest/dev/db/78/tc/33/db78tc33w
bn9997081,http://localhost:8080/fedora/rest/dev/xk/81/jk/83/xk81jk833
bn9997099,http://localhost:8080/fedora/rest/dev/v6/92/t6/67/v692t6677
r207tp67h,http://localhost:8080/fedora/rest/dev/br/86/b3/85/br86b3855
r207tp667,http://localhost:8080/fedora/rest/dev/xk/81/jk/83/xk81jk833
r207tp68s,http://localhost:8080/fedora/rest/dev/tm/70/mv/51/tm70mv51j
r207tp70t,http://localhost:8080/fedora/rest/dev/m0/39/k5/32/m039k532d
r207tp713,http://localhost:8080/fedora/rest/dev/7s/75/dc/71/7s75dc71j
r207tp692,http://localhost:8080/fedora/rest/dev/qb/98/mg/06/qb98mg063
td96k286b,http://localhost:8080/fedora/rest/dev/57/12/m6/92/5712m6923
td96k287m,http://localhost:8080/fedora/rest/dev/73/66/64/88/73666488w
td96k2895,http://localhost:8080/fedora/rest/dev/xk/81/jk/87/xk81jk876
td96k288w,http://localhost:8080/fedora/rest/dev/xk/81/jk/87/xk81jk876
td96k290x,http://localhost:8080/fedora/rest/dev/m0/39/k5/32/m039k532d
6969z117w,http://localhost:8080/fedora/rest/dev/18/31/ck/18/1831ck18w
6969z115b,http://localhost:8080/fedora/rest/dev/br/86/b3/85/br86b3855
6969z116m,http://localhost:8080/fedora/rest/dev/mg/74/qm/48/mg74qm48c
6969z1185,http://localhost:8080/fedora/rest/dev/1z/40/kt/26/1z40kt26d
4j03d000q,http://localhost:8080/fedora/rest/dev/br/86/b3/85/br86b3855
4j03cz990,http://localhost:8080/fedora/rest/dev/k6/43/b1/61/k643b161g
4j03d0053,http://localhost:8080/fedora/rest/dev/db/78/tc/33/db78tc33w
4j03d0010,http://localhost:8080/fedora/rest/dev/jh/34/3s/69/jh343s69n
4j03d003j,http://localhost:8080/fedora/rest/dev/cj/82/k7/61/cj82k761p
4j03d0028,http://localhost:8080/fedora/rest/dev/tm/70/mv/51/tm70mv51j
4j03d006c,http://localhost:8080/fedora/rest/dev/jm/21/4p/59/jm214p59n
4j03d004t,http://localhost:8080/fedora/rest/dev/xk/81/jk/87/xk81jk876
4j03d007n,http://localhost:8080/fedora/rest/dev/qz/20/st/01/qz20st012
j098zb54s,http://localhost:8080/fedora/rest/dev/gh/93/gz/88/gh93gz886
j098zb552,http://localhost:8080/fedora/rest/dev/cj/82/k7/61/cj82k761p
j098zb56b,http://localhost:8080/fedora/rest/dev/th/83/kz/75/th83kz75w
j098zb57m,http://localhost:8080/fedora/rest/dev/jm/21/4p/59/jm214p59n
hq37vn951,http://localhost:8080/fedora/rest/dev/cj/82/k7/61/cj82k761p
hq37vn94r,http://localhost:8080/fedora/rest/dev/gb/19/f6/18/gb19f618f
hq37vn91x,http://localhost:8080/fedora/rest/dev/rb/68/xc/18/rb68xc18j
hq37vn93g,http://localhost:8080/fedora/rest/dev/5h/73/pw/46/5h73pw46s
hq37vn969,http://localhost:8080/fedora/rest/dev/xk/81/jk/87/xk81jk876
hq37vn926,http://localhost:8080/fedora/rest/dev/gh/93/gz/88/gh93gz886
hq37vn97k,http://localhost:8080/fedora/rest/dev/ks/65/hc/56/ks65hc566
5m60qs29c,http://localhost:8080/fedora/rest/dev/tm/70/mv/51/tm70mv51j
5m60qs32p,http://localhost:8080/fedora/rest/dev/jm/21/4p/59/jm214p59n
5m60qs304,http://localhost:8080/fedora/rest/dev/nk/32/2d/78/nk322d784
5m60qs31d,http://localhost:8080/fedora/rest/dev/m0/39/k5/32/m039k532d
9019s280z,http://localhost:8080/fedora/rest/dev/d7/91/sg/62/d791sg62t
9019s2817,http://localhost:8080/fedora/rest/dev/fn/10/6z/33/fn106z337
9019s283s,http://localhost:8080/fedora/rest/dev/nc/58/0n/01/nc580n017
9019s282h,http://localhost:8080/fedora/rest/dev/z0/29/p5/06/z029p506j
9019s285b,http://localhost:8080/fedora/rest/dev/3b/59/18/85/3b591885p
9019s2842,http://localhost:8080/fedora/rest/dev/th/83/kz/75/th83kz75w
9019s286m,http://localhost:8080/fedora/rest/dev/sj/13/92/26/sj139226h
f1881m299,http://localhost:8080/fedora/rest/dev/br/86/b3/85/br86b3855
f1881m302,http://localhost:8080/fedora/rest/dev/jh/34/3s/69/jh343s69n
f1881m31b,http://localhost:8080/fedora/rest/dev/d7/91/sg/62/d791sg62t
f1881m33w,http://localhost:8080/fedora/rest/dev/tm/70/mv/51/tm70mv51j
f1881m32m,http://localhost:8080/fedora/rest/dev/nk/32/2d/76/nk322d76k
hh63sw29w,http://localhost:8080/fedora/rest/dev/tm/70/mv/51/tm70mv51j
hh63sw30n,http://localhost:8080/fedora/rest/dev/xk/81/jk/87/xk81jk876
3484zh273,http://localhost:8080/fedora/rest/dev/mg/74/qm/48/mg74qm48c
3484zh28c,http://localhost:8080/fedora/rest/dev/v6/92/t6/67/v692t6677
3484zh29n,http://localhost:8080/fedora/rest/dev/nk/32/2d/78/nk322d784
3484zh30d,http://localhost:8080/fedora/rest/dev/th/83/kz/75/th83kz75w
3484zh31p,http://localhost:8080/fedora/rest/dev/jm/21/4p/59/jm214p59n
kk91fk890,http://localhost:8080/fedora/rest/dev/3j/33/32/57/3j3332570
kk91fk90r,http://localhost:8080/fedora/rest/dev/tm/70/mv/56/tm70mv56x
kk91fk87f,http://localhost:8080/fedora/rest/dev/jh/34/3s/69/jh343s69n
kk91fk88q,http://localhost:8080/fedora/rest/dev/63/95/w7/44/6395w7441
rv042t51t,http://localhost:8080/fedora/rest/dev/bc/38/6j/68/bc386j68h
rv042t50j,http://localhost:8080/fedora/rest/dev/gb/19/f6/18/gb19f618f
rv042t523,http://localhost:8080/fedora/rest/dev/nc/58/0n/01/nc580n017
rv042t53c,http://localhost:8080/fedora/rest/dev/db/78/tc/35/db78tc35f
6d56zx055,http://localhost:8080/fedora/rest/dev/m9/00/nt/77/m900nt773
6d56zx06f,http://localhost:8080/fedora/rest/dev/jh/34/3s/69/jh343s69n
6d56zx07q,http://localhost:8080/fedora/rest/dev/m0/39/k5/28/m039k528t
6d56zx080,http://localhost:8080/fedora/rest/dev/xk/81/jk/87/xk81jk876
12579s60d,http://localhost:8080/fedora/rest/dev/sx/61/dm/68/sx61dm68v
12579s61p,http://localhost:8080/fedora/rest/dev/1z/40/kt/26/1z40kt26d
pg15bf42c,http://localhost:8080/fedora/rest/dev/nc/58/0n/01/nc580n017
pg15bf392,http://localhost:8080/fedora/rest/dev/8c/97/kq/91/8c97kq91n
pg15bf40t,http://localhost:8080/fedora/rest/dev/8c/97/kq/91/8c97kq91n
pg15bf413,http://localhost:8080/fedora/rest/dev/bc/38/6j/68/bc386j68h
pg15bf43n,http://localhost:8080/fedora/rest/dev/xk/81/jk/87/xk81jk876
pg15bf38s,http://localhost:8080/fedora/rest/dev/gb/19/f6/18/gb19f618f
pg15bf44x,http://localhost:8080/fedora/rest/dev/3b/59/18/85/3b591885p
pg15bf37h,http://localhost:8080/fedora/rest/dev/st/74/cq/83/st74cq83q
pg15bf456,http://localhost:8080/fedora/rest/dev/3b/59/18/85/3b591885p
gx41mj166,http://localhost:8080/fedora/rest/dev/z0/29/p5/06/z029p506j
gx41mj18r,http://localhost:8080/fedora/rest/dev/xk/81/jk/87/xk81jk876
gx41mj17g,http://localhost:8080/fedora/rest/dev/jm/21/4p/55/jm214p55j
gx41mj15x,http://localhost:8080/fedora/rest/dev/tm/70/mv/51/tm70mv51j
5138jf33n,http://localhost:8080/fedora/rest/dev/xk/81/jk/87/xk81jk876
5138jf292,http://localhost:8080/fedora/rest/dev/nk/32/2d/76/nk322d76k
5138jf32c,http://localhost:8080/fedora/rest/dev/xk/81/jk/87/xk81jk876
5138jf28s,http://localhost:8080/fedora/rest/dev/br/86/b3/85/br86b3855
5138jf30t,http://localhost:8080/fedora/rest/dev/gb/19/f6/18/gb19f618f
gt54kn43v,http://localhost:8080/fedora/rest/dev/8c/97/kq/91/8c97kq91n
gt54kn46p,http://localhost:8080/fedora/rest/dev/xk/81/jk/87/xk81jk876
gt54kn47z,http://localhost:8080/fedora/rest/dev/7s/75/dc/71/7s75dc71j
gt54kn45d,http://localhost:8080/fedora/rest/dev/f4/75/2h/19/f4752h199
gt54kn444,http://localhost:8080/fedora/rest/dev/2f/75/r8/44/2f75r844w
gt54kn42k,http://localhost:8080/fedora/rest/dev/m0/39/k5/26/m039k5268
r781wg512,http://localhost:8080/fedora/rest/dev/xk/81/jk/87/xk81jk876
r781wg50s,http://localhost:8080/fedora/rest/dev/f4/75/2h/19/f4752h199
gh93gz94b,http://localhost:8080/fedora/rest/dev/ks/65/hc/56/ks65hc566
gh93gz91h,http://localhost:8080/fedora/rest/dev/57/12/m6/92/5712m6923
gh93gz89g,http://localhost:8080/fedora/rest/dev/br/86/b3/85/br86b3855
gh93gz907,http://localhost:8080/fedora/rest/dev/bc/38/6j/68/bc386j68h
gh93gz932,http://localhost:8080/fedora/rest/dev/jm/21/4p/59/jm214p59n
gh93gz92s,http://localhost:8080/fedora/rest/dev/xk/81/jk/87/xk81jk876
6h440s80w,http://localhost:8080/fedora/rest/dev/ng/45/1h/90/ng451h905
6h440s82f,http://localhost:8080/fedora/rest/dev/bc/38/6j/68/bc386j68h
6h440s83q,http://localhost:8080/fedora/rest/dev/db/78/tc/33/db78tc33w
6h440s815,http://localhost:8080/fedora/rest/dev/gb/19/f6/18/gb19f618f
6h440s794,http://localhost:8080/fedora/rest/dev/gh/93/gz/88/gh93gz886
6h440s840,http://localhost:8080/fedora/rest/dev/m0/39/k5/32/m039k532d
6h440s858,http://localhost:8080/fedora/rest/dev/2b/88/qc/61/2b88qc619
wm117p44s,http://localhost:8080/fedora/rest/dev/jq/08/5k/47/jq085k47c
wm117p43h,http://localhost:8080/fedora/rest/dev/gb/19/f6/18/gb19f618f
wm117p452,http://localhost:8080/fedora/rest/dev/xk/81/jk/87/xk81jk876
wm117p46b,http://localhost:8080/fedora/rest/dev/xk/81/jk/87/xk81jk876
nz806010p,http://localhost:8080/fedora/rest/dev/xk/81/jk/87/xk81jk876
nz806011z,http://localhost:8080/fedora/rest/dev/k0/69/87/93/k06987938
nz806009x,http://localhost:8080/fedora/rest/dev/br/86/b3/85/br86b3855
nz8060127,http://localhost:8080/fedora/rest/dev/7s/75/dc/71/7s75dc71j
nz806008n,http://localhost:8080/fedora/rest/dev/gh/93/gz/88/gh93gz886
k3569475k,http://localhost:8080/fedora/rest/dev/7s/75/dc/71/7s75dc71j
k35694749,http://localhost:8080/fedora/rest/dev/jh/34/3s/69/jh343s69n
k3569476v,http://localhost:8080/fedora/rest/dev/tm/70/mv/56/tm70mv56x
k35694731,http://localhost:8080/fedora/rest/dev/m0/39/k5/26/m039k5268
3t945r16j,http://localhost:8080/fedora/rest/dev/jq/08/5k/47/jq085k47c
qb98mf99w,http://localhost:8080/fedora/rest/dev/mg/74/qm/48/mg74qm48c
qb98mf97b,http://localhost:8080/fedora/rest/dev/m9/00/nt/77/m900nt773
qb98mf98m,http://localhost:8080/fedora/rest/dev/22/27/mp/97/2227mp97q
qb98mg00f,http://localhost:8080/fedora/rest/dev/bc/38/6j/68/bc386j68h
qb98mg038,http://localhost:8080/fedora/rest/dev/xk/81/jk/87/xk81jk876
qb98mg04j,http://localhost:8080/fedora/rest/dev/xk/81/jk/87/xk81jk876
qb98mg020,http://localhost:8080/fedora/rest/dev/2f/75/r8/44/2f75r844w
qb98mg05t,http://localhost:8080/fedora/rest/dev/3b/59/18/85/3b591885p
qb98mg01q,http://localhost:8080/fedora/rest/dev/bc/38/6j/68/bc386j68h
qb98mg07c,http://localhost:8080/fedora/rest/dev/qb/98/mg/06/qb98mg063
qb98mg08n,http://localhost:8080/fedora/rest/dev/7s/75/dc/71/7s75dc71j
h702q676g,http://localhost:8080/fedora/rest/dev/br/86/b3/85/br86b3855
h702q677r,http://localhost:8080/fedora/rest/dev/tm/70/mv/51/tm70mv51j
h702q6781,http://localhost:8080/fedora/rest/dev/gb/19/f6/18/gb19f618f
h702q6802,http://localhost:8080/fedora/rest/dev/ks/65/hc/56/ks65hc566
h702q681b,http://localhost:8080/fedora/rest/dev/gf/06/g3/11/gf06g311r
h702q6799,http://localhost:8080/fedora/rest/dev/sx/61/dm/68/sx61dm68v
1c18dg15k,http://localhost:8080/fedora/rest/dev/xk/81/jk/87/xk81jk876
1c18dg16v,http://localhost:8080/fedora/rest/dev/jm/21/4p/59/jm214p59n
8w32r6027,http://localhost:8080/fedora/rest/dev/63/95/w7/44/6395w7441
8w32r601z,http://localhost:8080/fedora/rest/dev/bc/38/6j/68/bc386j68h
8w32r600p,http://localhost:8080/fedora/rest/dev/22/27/mp/97/2227mp97q
8w32r603h,http://localhost:8080/fedora/rest/dev/xk/81/jk/87/xk81jk876
8w32r604s,http://localhost:8080/fedora/rest/dev/xk/81/jk/87/xk81jk876
8w32r6052,http://localhost:8080/fedora/rest/dev/db/78/tc/33/db78tc33w
kw52j850s,http://localhost:8080/fedora/rest/dev/xk/81/jk/87/xk81jk876
kw52j8512,http://localhost:8080/fedora/rest/dev/7s/75/dc/71/7s75dc71j
4f16c323s,http://localhost:8080/fedora/rest/dev/xk/81/jk/87/xk81jk876
4f16c322h,http://localhost:8080/fedora/rest/dev/m0/39/k5/26/m039k5268
zg64tm43r,http://localhost:8080/fedora/rest/dev/cj/82/k7/61/cj82k761p
zg64tm416,http://localhost:8080/fedora/rest/dev/ng/45/1h/90/ng451h905
zg64tm42g,http://localhost:8080/fedora/rest/dev/gb/19/f6/18/gb19f618f
zg64tm46k,http://localhost:8080/fedora/rest/dev/gf/06/g3/11/gf06g311r
zg64tm441,http://localhost:8080/fedora/rest/dev/th/83/kz/75/th83kz75w
zg64tm459,http://localhost:8080/fedora/rest/dev/qz/20/st/01/qz20st012
4q77fr800,http://localhost:8080/fedora/rest/dev/8c/97/kq/91/8c97kq91n
4q77fr818,http://localhost:8080/fedora/rest/dev/57/12/m6/92/5712m6923
pr76f379s,http://localhost:8080/fedora/rest/dev/2f/75/r8/44/2f75r844w
pr76f378h,http://localhost:8080/fedora/rest/dev/fn/10/6z/33/fn106z337
pr76f3777,http://localhost:8080/fedora/rest/dev/m0/39/k5/26/m039k5268
pr76f380j,http://localhost:8080/fedora/rest/dev/nk/32/2d/78/nk322d784
j3860733d,http://localhost:8080/fedora/rest/dev/nc/58/0n/01/nc580n017
j38607324,http://localhost:8080/fedora/rest/dev/gb/19/f6/18/gb19f618f
j3860734p,http://localhost:8080/fedora/rest/dev/xk/81/jk/87/xk81jk876
j3860731v,http://localhost:8080/fedora/rest/dev/nk/32/2d/76/nk322d76k
j3860730k,http://localhost:8080/fedora/rest/dev/m0/39/k5/26/m039k5268
j3860735z,http://localhost:8080/fedora/rest/dev/3j/33/32/57/3j3332570
cv43nx233,http://localhost:8080/fedora/rest/dev/m0/39/k5/32/m039k532d
cv43nx22t,http://localhost:8080/fedora/rest/dev/gh/93/gz/88/gh93gz886
cv43nx21j,http://localhost:8080/fedora/rest/dev/rb/68/xc/18/rb68xc18j
bv73c085d,http://localhost:8080/fedora/rest/dev/qz/20/st/01/qz20st012
4x51hj58z,http://localhost:8080/fedora/rest/dev/jh/34/3s/69/jh343s69n
1j92g7872,http://localhost:8080/fedora/rest/dev/z6/03/qx/80/z603qx80x
1j92g786s,http://localhost:8080/fedora/rest/dev/gb/19/f6/18/gb19f618f
1j92g788b,http://localhost:8080/fedora/rest/dev/gf/06/g3/11/gf06g311r
wd375w60p,http://localhost:8080/fedora/rest/dev/mg/74/qm/49/mg74qm49n
wd375w58n,http://localhost:8080/fedora/rest/dev/br/86/b3/85/br86b3855
wd375w59x,http://localhost:8080/fedora/rest/dev/bc/38/6j/68/bc386j68h
wd375w61z,http://localhost:8080/fedora/rest/dev/nk/32/2d/78/nk322d784
wd375w627,http://localhost:8080/fedora/rest/dev/xk/81/jk/87/xk81jk876
4m90dv90q,http://localhost:8080/fedora/rest/dev/mg/74/qm/48/mg74qm48c
4m90dv89z,http://localhost:8080/fedora/rest/dev/m0/39/k5/26/m039k5268
4m90dv93j,http://localhost:8080/fedora/rest/dev/sx/61/dm/68/sx61dm68v
4m90dv928,http://localhost:8080/fedora/rest/dev/xk/81/jk/87/xk81jk876
4m90dv910,http://localhost:8080/fedora/rest/dev/bc/38/6j/68/bc386j68h
ks65hc55x,http://localhost:8080/fedora/rest/dev/sx/61/dm/68/sx61dm68v
ks65hc54n,http://localhost:8080/fedora/rest/dev/rb/68/xc/22/rb68xc224
m326m199t,http://localhost:8080/fedora/rest/dev/xk/81/jk/87/xk81jk876
m326m198j,http://localhost:8080/fedora/rest/dev/br/86/b3/85/br86b3855
m326m1978,http://localhost:8080/fedora/rest/dev/m0/39/k5/26/m039k5268
m326m202x,http://localhost:8080/fedora/rest/dev/sx/61/dm/68/sx61dm68v
m326m200c,http://localhost:8080/fedora/rest/dev/xk/81/jk/87/xk81jk876
m326m2036,http://localhost:8080/fedora/rest/dev/jm/21/4p/59/jm214p59n
m326m201n,http://localhost:8080/fedora/rest/dev/xk/81/jk/87/xk81jk876
q237hs438,http://localhost:8080/fedora/rest/dev/xk/81/jk/87/xk81jk876
q237hs45t,http://localhost:8080/fedora/rest/dev/jm/21/4p/59/jm214p59n
q237hs44j,http://localhost:8080/fedora/rest/dev/xk/81/jk/87/xk81jk876
q237hs463,http://localhost:8080/fedora/rest/dev/db/78/tc/35/db78tc35f
c247ds40p,http://localhost:8080/fedora/rest/dev/nk/32/2d/76/nk322d76k
c247ds41z,http://localhost:8080/fedora/rest/dev/st/74/cq/83/st74cq83q
cr56n1320,http://localhost:8080/fedora/rest/dev/sx/61/dm/68/sx61dm68v
cr56n1338,http://localhost:8080/fedora/rest/dev/2b/88/qc/61/2b88qc619
cr56n134j,http://localhost:8080/fedora/rest/dev/qz/20/st/01/qz20st012
5d86p063c,http://localhost:8080/fedora/rest/dev/br/86/b3/85/br86b3855
5d86p064n,http://localhost:8080/fedora/rest/dev/jm/21/4p/59/jm214p59n
5d86p0623,http://localhost:8080/fedora/rest/dev/gh/93/gz/88/gh93gz886
t435gd38x,http://localhost:8080/fedora/rest/dev/xk/81/jk/87/xk81jk876
t435gd36c,http://localhost:8080/fedora/rest/dev/v6/92/t6/67/v692t6677
t435gd37n,http://localhost:8080/fedora/rest/dev/xk/81/jk/87/xk81jk876
t435gd353,http://localhost:8080/fedora/rest/dev/rb/68/xc/18/rb68xc18j
t435gd396,http://localhost:8080/fedora/rest/dev/xk/81/jk/87/xk81jk876
xw42n818s,http://localhost:8080/fedora/rest/dev/xk/81/jk/87/xk81jk876
xw42n820t,http://localhost:8080/fedora/rest/dev/xk/81/jk/87/xk81jk876
xw42n8192,http://localhost:8080/fedora/rest/dev/xk/81/jk/87/xk81jk876
xw42n817h,http://localhost:8080/fedora/rest/dev/22/27/mp/97/2227mp97q
xw42n822c,http://localhost:8080/fedora/rest/dev/jm/21/4p/59/jm214p59n
xw42n8213,http://localhost:8080/fedora/rest/dev/jm/21/4p/59/jm214p59n
zp38wc995,http://localhost:8080/fedora/rest/dev/gh/93/gz/88/gh93gz886
zp38wd010,http://localhost:8080/fedora/rest/dev/nk/32/2d/78/nk322d784
zp38wd00q,http://localhost:8080/fedora/rest/dev/9z/90/30/36/9z9030362
79407x47z,http://localhost:8080/fedora/rest/dev/m0/39/k5/28/m039k528t
79407x49h,http://localhost:8080/fedora/rest/dev/db/78/tc/33/db78tc33w
79407x508,http://localhost:8080/fedora/rest/dev/jm/21/4p/59/jm214p59n
79407x487,http://localhost:8080/fedora/rest/dev/3b/59/18/85/3b591885p
6t053g395,http://localhost:8080/fedora/rest/dev/bc/38/6j/68/bc386j68h
6t053g38w,http://localhost:8080/fedora/rest/dev/tm/70/mv/51/tm70mv51j
6t053g40x,http://localhost:8080/fedora/rest/dev/nc/58/0n/01/nc580n017
6t053g416,http://localhost:8080/fedora/rest/dev/tm/70/mv/56/tm70mv56x
7w62f871s,http://localhost:8080/fedora/rest/dev/jh/34/3s/69/jh343s69n
j6731421v,http://localhost:8080/fedora/rest/dev/xk/81/jk/87/xk81jk876
j67314224,http://localhost:8080/fedora/rest/dev/db/78/tc/35/db78tc35f
tm70mv55n,http://localhost:8080/fedora/rest/dev/7s/75/dc/71/7s75dc71j
tm70mv533,http://localhost:8080/fedora/rest/dev/xk/81/jk/87/xk81jk876
tm70mv52t,http://localhost:8080/fedora/rest/dev/xk/81/jk/87/xk81jk876
tm70mv54c,http://localhost:8080/fedora/rest/dev/1z/40/kt/26/1z40kt26d
tm70mv576,http://localhost:8080/fedora/rest/dev/v1/18/rf/06/v118rf068
d217qp95x,http://localhost:8080/fedora/rest/dev/gb/19/f6/18/gb19f618f
d217qp94n,http://localhost:8080/fedora/rest/dev/gb/19/f6/18/gb19f618f
d217qp93c,http://localhost:8080/fedora/rest/dev/tm/70/mv/51/tm70mv51j
v692t665p,http://localhost:8080/fedora/rest/dev/jh/34/3s/69/jh343s69n
v692t666z,http://localhost:8080/fedora/rest/dev/nc/58/0n/01/nc580n017
v692t669s,http://localhost:8080/fedora/rest/dev/xk/81/jk/87/xk81jk876
v692t668h,http://localhost:8080/fedora/rest/dev/xk/81/jk/87/xk81jk876
v692t664d,http://localhost:8080/fedora/rest/dev/m0/39/k5/26/m039k5268
fx719m861,http://localhost:8080/fedora/rest/dev/ng/45/1h/90/ng451h905
fx719m85r,http://localhost:8080/fedora/rest/dev/xk/81/jk/83/xk81jk833
fx719m879,http://localhost:8080/fedora/rest/dev/sx/61/dm/68/sx61dm68v
fj236248s,http://localhost:8080/fedora/rest/dev/br/86/b3/85/br86b3855
fj2362492,http://localhost:8080/fedora/rest/dev/d7/91/sg/62/d791sg62t
fj236247h,http://localhost:8080/fedora/rest/dev/4q/77/fr/79/4q77fr797
fj236250t,http://localhost:8080/fedora/rest/dev/gb/19/f6/18/gb19f618f
fj2362513,http://localhost:8080/fedora/rest/dev/57/12/m6/92/5712m6923
fj236252c,http://localhost:8080/fedora/rest/dev/db/78/tc/35/db78tc35f
g732d9420,http://localhost:8080/fedora/rest/dev/m9/00/nt/77/m900nt773
g732d944j,http://localhost:8080/fedora/rest/dev/qz/20/st/01/qz20st012
g732d9438,http://localhost:8080/fedora/rest/dev/2b/88/qc/61/2b88qc619
jw827c059,http://localhost:8080/fedora/rest/dev/v1/18/rf/06/v118rf068
jw827c03r,http://localhost:8080/fedora/rest/dev/mg/74/qm/48/mg74qm48c
jw827c06k,http://localhost:8080/fedora/rest/dev/db/78/tc/35/db78tc35f
jw827c041,http://localhost:8080/fedora/rest/dev/bc/38/6j/68/bc386j68h
0p0967292,http://localhost:8080/fedora/rest/dev/bc/38/6j/68/bc386j68h
0p096730t,http://localhost:8080/fedora/rest/dev/nk/32/2d/78/nk322d784
0p096727h,http://localhost:8080/fedora/rest/dev/gb/19/f6/18/gb19f618f
0p096728s,http://localhost:8080/fedora/rest/dev/gb/19/f6/18/gb19f618f
0p0967267,http://localhost:8080/fedora/rest/dev/gh/93/gz/88/gh93gz886
k930bx37g,http://localhost:8080/fedora/rest/dev/nk/32/2d/78/nk322d784
k930bx366,http://localhost:8080/fedora/rest/dev/tm/70/mv/51/tm70mv51j
k930bx38r,http://localhost:8080/fedora/rest/dev/db/78/tc/33/db78tc33w
x346d467n,http://localhost:8080/fedora/rest/dev/xk/81/jk/87/xk81jk876
x346d464t,http://localhost:8080/fedora/rest/dev/nk/32/2d/78/nk322d784
x346d466c,http://localhost:8080/fedora/rest/dev/xk/81/jk/87/xk81jk876
x346d463j,http://localhost:8080/fedora/rest/dev/mg/74/qm/48/mg74qm48c
x346d4653,http://localhost:8080/fedora/rest/dev/xk/81/jk/87/xk81jk876
x346d468x,http://localhost:8080/fedora/rest/dev/3b/59/18/85/3b591885p
hm50tr972,http://localhost:8080/fedora/rest/dev/z0/29/p5/06/z029p506j
2514nk92k,http://localhost:8080/fedora/rest/dev/ks/65/hc/56/ks65hc566
mw22v5873,http://localhost:8080/fedora/rest/dev/3b/59/18/85/3b591885p
mw22v588c,http://localhost:8080/fedora/rest/dev/2b/88/qc/61/2b88qc619
sq87bt940,http://localhost:8080/fedora/rest/dev/m0/39/k5/32/m039k532d
sq87bt93q,http://localhost:8080/fedora/rest/dev/tm/70/mv/51/tm70mv51j
sq87bt958,http://localhost:8080/fedora/rest/dev/jm/21/4p/59/jm214p59n
8623hz08w,http://localhost:8080/fedora/rest/dev/nc/58/0n/01/nc580n017
8623hz10x,http://localhost:8080/fedora/rest/dev/xk/81/jk/87/xk81jk876
8623hz07m,http://localhost:8080/fedora/rest/dev/f4/75/2h/19/f4752h199
8623hz095,http://localhost:8080/fedora/rest/dev/xk/81/jk/87/xk81jk876
7h149q22v,http://localhost:8080/fedora/rest/dev/xk/81/jk/87/xk81jk876
7h149q209,http://localhost:8080/fedora/rest/dev/jh/34/3s/69/jh343s69n
7h149q234,http://localhost:8080/fedora/rest/dev/jm/21/4p/59/jm214p59n
7h149q21k,http://localhost:8080/fedora/rest/dev/jh/34/3s/69/jh343s69n
7h149q19j,http://localhost:8080/fedora/rest/dev/m0/39/k5/26/m039k5268
2f75r8455,http://localhost:8080/fedora/rest/dev/7s/75/dc/71/7s75dc71j
4b29b6317,http://localhost:8080/fedora/rest/dev/nc/58/0n/01/nc580n017
4b29b633s,http://localhost:8080/fedora/rest/dev/xk/81/jk/87/xk81jk876
4b29b630z,http://localhost:8080/fedora/rest/dev/tm/70/mv/51/tm70mv51j
4b29b632h,http://localhost:8080/fedora/rest/dev/xk/81/jk/87/xk81jk876
tb09j6029,http://localhost:8080/fedora/rest/dev/mg/74/qm/49/mg74qm49n
tb09j600r,http://localhost:8080/fedora/rest/dev/jh/34/3s/69/jh343s69n
tb09j603k,http://localhost:8080/fedora/rest/dev/mg/74/qm/49/mg74qm49n
tb09j6011,http://localhost:8080/fedora/rest/dev/8c/97/kq/91/8c97kq91n
tb09j6054,http://localhost:8080/fedora/rest/dev/7s/75/dc/71/7s75dc71j
tb09j604v,http://localhost:8080/fedora/rest/dev/mg/74/qm/49/mg74qm49n
vd66w026r,http://localhost:8080/fedora/rest/dev/jh/34/3s/69/jh343s69n
vd66w0289,http://localhost:8080/fedora/rest/dev/xk/81/jk/87/xk81jk876
vd66w0271,http://localhost:8080/fedora/rest/dev/xk/81/jk/87/xk81jk876
vd66w030b,http://localhost:8080/fedora/rest/dev/tm/70/mv/56/tm70mv56x
vd66w029k,http://localhost:8080/fedora/rest/dev/xk/81/jk/87/xk81jk876
2r36tx84g,http://localhost:8080/fedora/rest/dev/nk/32/2d/78/nk322d784
2r36tx836,http://localhost:8080/fedora/rest/dev/br/86/b3/85/br86b3855
2r36tx861,http://localhost:8080/fedora/rest/dev/xk/81/jk/87/xk81jk876
2r36tx82x,http://localhost:8080/fedora/rest/dev/m9/00/nt/77/m900nt773
2r36tx85r,http://localhost:8080/fedora/rest/dev/xk/81/jk/87/xk81jk876
2r36tx879,http://localhost:8080/fedora/rest/dev/jm/21/4p/59/jm214p59n
w6634403p,http://localhost:8080/fedora/rest/dev/gf/06/g3/11/gf06g311r
w6634402d,http://localhost:8080/fedora/rest/dev/jh/34/3s/69/jh343s69n
w66344014,http://localhost:8080/fedora/rest/dev/m0/39/k5/26/m039k5268
gm80hv786,http://localhost:8080/fedora/rest/dev/7s/75/dc/71/7s75dc71j
gm80hv79g,http://localhost:8080/fedora/rest/dev/jm/21/4p/59/jm214p59n
k06987920,http://localhost:8080/fedora/rest/dev/sx/61/dm/68/sx61dm68v
k0698790f,http://localhost:8080/fedora/rest/dev/gb/19/f6/18/gb19f618f
k0698791q,http://localhost:8080/fedora/rest/dev/xk/81/jk/87/xk81jk876
k0698789p,http://localhost:8080/fedora/rest/dev/tm/70/mv/51/tm70mv51j
k0698794j,http://localhost:8080/fedora/rest/dev/5h/73/pw/51/5h73pw51n
jm214p548,http://localhost:8080/fedora/rest/dev/gb/19/f6/18/gb19f618f
jm214p56t,http://localhost:8080/fedora/rest/dev/xk/81/jk/87/xk81jk876
jm214p573,http://localhost:8080/fedora/rest/dev/xk/81/jk/87/xk81jk876
jm214p58c,http://localhost:8080/fedora/rest/dev/m0/39/k5/32/m039k532d
9306sz666,http://localhost:8080/fedora/rest/dev/gb/19/f6/18/gb19f618f
9306sz65x,http://localhost:8080/fedora/rest/dev/jh/34/3s/69/jh343s69n
9306sz67g,http://localhost:8080/fedora/rest/dev/bc/38/6j/68/bc386j68h
9306sz70s,http://localhost:8080/fedora/rest/dev/xk/81/jk/87/xk81jk876
9306sz712,http://localhost:8080/fedora/rest/dev/2b/88/qc/61/2b88qc619
9306sz72b,http://localhost:8080/fedora/rest/dev/7s/75/dc/71/7s75dc71j
9306sz691,http://localhost:8080/fedora/rest/dev/xk/81/jk/87/xk81jk876
9306sz68r,http://localhost:8080/fedora/rest/dev/f4/75/2h/19/f4752h199
s4655g99s,http://localhost:8080/fedora/rest/dev/8c/97/kq/91/8c97kq91n
s4655h01m,http://localhost:8080/fedora/rest/dev/z6/03/qx/80/z603qx80x
s4655h02w,http://localhost:8080/fedora/rest/dev/qz/20/st/01/qz20st012
s4655h00b,http://localhost:8080/fedora/rest/dev/m0/39/k5/32/m039k532d
fn106z35s,http://localhost:8080/fedora/rest/dev/jm/21/4p/55/jm214p55j
fn106z34h,http://localhost:8080/fedora/rest/dev/mg/74/qm/48/mg74qm48c
fn106z32z,http://localhost:8080/fedora/rest/dev/8c/97/kq/91/8c97kq91n
fn106z362,http://localhost:8080/fedora/rest/dev/xk/81/jk/87/xk81jk876
w3763721c,http://localhost:8080/fedora/rest/dev/jh/34/3s/69/jh343s69n
w37637246,http://localhost:8080/fedora/rest/dev/xk/81/jk/87/xk81jk876
w3763722n,http://localhost:8080/fedora/rest/dev/jh/34/3s/69/jh343s69n
w3763723x,http://localhost:8080/fedora/rest/dev/ng/45/1h/90/ng451h905
w37637203,http://localhost:8080/fedora/rest/dev/gh/93/gz/88/gh93gz886
z603qx77m,http://localhost:8080/fedora/rest/dev/sx/61/dm/68/sx61dm68v
z603qx727,http://localhost:8080/fedora/rest/dev/m0/39/k5/29/m039k5293
z603qx74s,http://localhost:8080/fedora/rest/dev/8s/45/q9/09/8s45q909x
z603qx752,http://localhost:8080/fedora/rest/dev/v6/92/t6/67/v692t6677
z603qx73h,http://localhost:8080/fedora/rest/dev/51/38/jf/31/5138jf313
z603qx76b,http://localhost:8080/fedora/rest/dev/nk/32/2d/78/nk322d784
z603qx78w,http://localhost:8080/fedora/rest/dev/2b/88/qc/61/2b88qc619
z603qx795,http://localhost:8080/fedora/rest/dev/7s/75/dc/71/7s75dc71j
jd472w76t,http://localhost:8080/fedora/rest/dev/jh/34/3s/69/jh343s69n
jd472w79n,http://localhost:8080/fedora/rest/dev/tm/70/mv/51/tm70mv51j
jd472w773,http://localhost:8080/fedora/rest/dev/nk/32/2d/76/nk322d76k
jd472w78c,http://localhost:8080/fedora/rest/dev/st/74/cq/83/st74cq83q
jd472w80d,http://localhost:8080/fedora/rest/dev/nk/32/2d/78/nk322d784
jd472w81p,http://localhost:8080/fedora/rest/dev/jm/21/4p/59/jm214p59n
mc87pq67b,http://localhost:8080/fedora/rest/dev/qb/98/mg/06/qb98mg063
mc87pq662,http://localhost:8080/fedora/rest/dev/th/83/kz/75/th83kz75w
mc87pq64h,http://localhost:8080/fedora/rest/dev/gb/19/f6/18/gb19f618f
mc87pq65s,http://localhost:8080/fedora/rest/dev/2z/10/wq/65/2z10wq65r
9k41zd922,http://localhost:8080/fedora/rest/dev/z6/03/qx/80/z603qx80x
9k41zd91s,http://localhost:8080/fedora/rest/dev/z6/03/qx/80/z603qx80x
9k41zd876,http://localhost:8080/fedora/rest/dev/jh/34/3s/69/jh343s69n
9k41zd89r,http://localhost:8080/fedora/rest/dev/xk/81/jk/87/xk81jk876
9k41zd90h,http://localhost:8080/fedora/rest/dev/1z/40/kt/26/1z40kt26d
9k41zd88g,http://localhost:8080/fedora/rest/dev/xk/81/jk/87/xk81jk876
sj1392257,http://localhost:8080/fedora/rest/dev/z6/03/qx/80/z603qx80x
sj139223p,http://localhost:8080/fedora/rest/dev/mg/74/qm/49/mg74qm49n
sj1392214,http://localhost:8080/fedora/rest/dev/jh/34/3s/69/jh343s69n
sj139227s,http://localhost:8080/fedora/rest/dev/ks/65/hc/56/ks65hc566
sj139224z,http://localhost:8080/fedora/rest/dev/xk/81/jk/87/xk81jk876
sj139220v,http://localhost:8080/fedora/rest/dev/rb/68/xc/18/rb68xc18j
sj139222d,http://localhost:8080/fedora/rest/dev/gb/19/f6/18/gb19f618f
qz20ss997,http://localhost:8080/fedora/rest/dev/np/19/39/65/np193965k
qz20st00s,http://localhost:8080/fedora/rest/dev/br/86/b3/85/br86b3855
qz20st02b,http://localhost:8080/fedora/rest/dev/ks/65/hc/56/ks65hc566
n009w268f,http://localhost:8080/fedora/rest/dev/8c/97/kq/91/8c97kq91n
n009w2675,http://localhost:8080/fedora/rest/dev/jh/34/3s/69/jh343s69n
n009w271r,http://localhost:8080/fedora/rest/dev/db/78/tc/35/db78tc35f
n009w270g,http://localhost:8080/fedora/rest/dev/db/78/tc/35/db78tc35f
n009w269q,http://localhost:8080/fedora/rest/dev/xk/81/jk/87/xk81jk876
h415p986g,http://localhost:8080/fedora/rest/dev/k6/43/b1/61/k643b161g
h415p987r,http://localhost:8080/fedora/rest/dev/k6/43/b1/61/k643b161g
h415p991b,http://localhost:8080/fedora/rest/dev/mg/74/qm/49/mg74qm49n
h415p992m,http://localhost:8080/fedora/rest/dev/gf/06/g3/11/gf06g311r
h415p9881,http://localhost:8080/fedora/rest/dev/m9/00/nt/77/m900nt773
h415p9899,http://localhost:8080/fedora/rest/dev/ng/45/1h/90/ng451h905
h415p9902,http://localhost:8080/fedora/rest/dev/gb/19/f6/18/gb19f618f
5x21tf847,http://localhost:8080/fedora/rest/dev/m0/39/k5/28/m039k528t
5x21tf83z,http://localhost:8080/fedora/rest/dev/nk/32/2d/76/nk322d76k
m039k530v,http://localhost:8080/fedora/rest/dev/57/12/m6/92/5712m6923
m039k5314,http://localhost:8080/fedora/rest/dev/xk/81/jk/87/xk81jk876
m039k527j,http://localhost:8080/fedora/rest/dev/gh/93/gz/88/gh93gz886
gq67jr46f,http://localhost:8080/fedora/rest/dev/z0/29/p5/06/z029p506j
gq67jr47q,http://localhost:8080/fedora/rest/dev/qz/20/st/01/qz20st012
xg94hq09s,http://localhost:8080/fedora/rest/dev/jh/34/3s/69/jh343s69n
xg94hq10j,http://localhost:8080/fedora/rest/dev/nc/58/0n/01/nc580n017
g158bh67c,http://localhost:8080/fedora/rest/dev/mg/74/qm/48/mg74qm48c
b8515n79h,http://localhost:8080/fedora/rest/dev/tm/70/mv/56/tm70mv56x
b8515n787,http://localhost:8080/fedora/rest/dev/qb/98/mg/06/qb98mg063
b8515n808,http://localhost:8080/fedora/rest/dev/v1/18/rf/06/v118rf068
b8515n81j,http://localhost:8080/fedora/rest/dev/v1/18/rf/06/v118rf068
np193966v,http://localhost:8080/fedora/rest/dev/57/12/m6/92/5712m6923
np1939674,http://localhost:8080/fedora/rest/dev/xk/81/jk/87/xk81jk876
np193968d,http://localhost:8080/fedora/rest/dev/sx/61/dm/68/sx61dm68v
w0892b26h,http://localhost:8080/fedora/rest/dev/jq/08/5k/47/jq085k47c
w0892b257,http://localhost:8080/fedora/rest/dev/gb/19/f6/18/gb19f618f
w0892b27s,http://localhost:8080/fedora/rest/dev/ks/65/hc/56/ks65hc566
8336h2246,http://localhost:8080/fedora/rest/dev/gb/19/f6/18/gb19f618f
8336h223x,http://localhost:8080/fedora/rest/dev/jh/34/3s/69/jh343s69n
8336h225g,http://localhost:8080/fedora/rest/dev/mg/74/qm/48/mg74qm48c
8336h2289,http://localhost:8080/fedora/rest/dev/ks/65/hc/56/ks65hc566
8336h226r,http://localhost:8080/fedora/rest/dev/2f/75/r8/44/2f75r844w
8336h2271,http://localhost:8080/fedora/rest/dev/xk/81/jk/87/xk81jk876
qj72p747m,http://localhost:8080/fedora/rest/dev/xk/81/jk/87/xk81jk876
qj72p746b,http://localhost:8080/fedora/rest/dev/cz/30/pt/06/cz30pt06p
6m311p79c,http://localhost:8080/fedora/rest/dev/8c/97/kq/91/8c97kq91n
6m311p804,http://localhost:8080/fedora/rest/dev/xk/81/jk/87/xk81jk876
6m311p81d,http://localhost:8080/fedora/rest/dev/1z/40/kt/26/1z40kt26d
6m311p82p,http://localhost:8080/fedora/rest/dev/qz/20/st/01/qz20st012
ww72bb926,http://localhost:8080/fedora/rest/dev/m0/39/k5/29/m039k5293
9c67wn223,http://localhost:8080/fedora/rest/dev/gb/19/f6/18/gb19f618f
9c67wn23c,http://localhost:8080/fedora/rest/dev/th/83/kz/77/th83kz77f
st74cq86j,http://localhost:8080/fedora/rest/dev/7s/75/dc/71/7s75dc71j
st74cq858,http://localhost:8080/fedora/rest/dev/k0/69/87/93/k06987938
st74cq840,http://localhost:8080/fedora/rest/dev/xk/81/jk/87/xk81jk876
st74cq80w,http://localhost:8080/fedora/rest/dev/m0/39/k5/26/m039k5268
st74cq815,http://localhost:8080/fedora/rest/dev/m0/39/k5/26/m039k5268
st74cq82f,http://localhost:8080/fedora/rest/dev/m0/39/k5/26/m039k5268
kp78gg801,http://localhost:8080/fedora/rest/dev/br/86/b3/85/br86b3855
kp78gg819,http://localhost:8080/fedora/rest/dev/nk/32/2d/78/nk322d784
kp78gg82k,http://localhost:8080/fedora/rest/dev/m0/39/k5/32/m039k532d
kp78gg83v,http://localhost:8080/fedora/rest/dev/jm/21/4p/59/jm214p59n
z029p507t,http://localhost:8080/fedora/rest/dev/9z/90/30/36/9z9030362
z029p5083,http://localhost:8080/fedora/rest/dev/th/83/kz/75/th83kz75w
z029p5104,http://localhost:8080/fedora/rest/dev/2b/88/qc/61/2b88qc619
z029p513z,http://localhost:8080/fedora/rest/dev/tm/70/mv/56/tm70mv56x
z029p511d,http://localhost:8080/fedora/rest/dev/5h/73/pw/51/5h73pw51n
z029p5147,http://localhost:8080/fedora/rest/dev/db/78/tc/35/db78tc35f
z029p509c,http://localhost:8080/fedora/rest/dev/xk/81/jk/87/xk81jk876
z029p512p,http://localhost:8080/fedora/rest/dev/7s/75/dc/71/7s75dc71j
2j62s523c,http://localhost:8080/fedora/rest/dev/nc/58/0n/01/nc580n017
2j62s524n,http://localhost:8080/fedora/rest/dev/nk/32/2d/78/nk322d784
2j62s525x,http://localhost:8080/fedora/rest/dev/28/01/pg/76/2801pg76f
2j62s5223,http://localhost:8080/fedora/rest/dev/gh/93/gz/88/gh93gz886
2j62s5266,http://localhost:8080/fedora/rest/dev/z6/03/qx/80/z603qx80x
b2773v944,http://localhost:8080/fedora/rest/dev/bc/38/6j/68/bc386j68h
b2773v987,http://localhost:8080/fedora/rest/dev/sx/61/dm/68/sx61dm68v
b2773v95d,http://localhost:8080/fedora/rest/dev/9z/90/30/36/9z9030362
b2773v96p,http://localhost:8080/fedora/rest/dev/63/95/w7/44/6395w7441
b2773v97z,http://localhost:8080/fedora/rest/dev/xk/81/jk/87/xk81jk876
b2773v99h,http://localhost:8080/fedora/rest/dev/m0/39/k5/32/m039k532d
b2773w002,http://localhost:8080/fedora/rest/dev/ks/65/hc/56/ks65hc566
4t64gn58q,http://localhost:8080/fedora/rest/dev/2f/75/r8/44/2f75r844w
4t64gn57f,http://localhost:8080/fedora/rest/dev/m0/39/k5/26/m039k5268
4t64gn60r,http://localhost:8080/fedora/rest/dev/xk/81/jk/87/xk81jk876
4t64gn590,http://localhost:8080/fedora/rest/dev/xk/81/jk/87/xk81jk876
nc580n03s,http://localhost:8080/fedora/rest/dev/2b/88/qc/61/2b88qc619
nc580n00z,http://localhost:8080/fedora/rest/dev/2f/75/r8/44/2f75r844w
nc580n02h,http://localhost:8080/fedora/rest/dev/xk/81/jk/87/xk81jk876
nc580n05b,http://localhost:8080/fedora/rest/dev/v1/18/rf/06/v118rf068
nc580n042,http://localhost:8080/fedora/rest/dev/jm/21/4p/59/jm214p59n
2801pg70s,http://localhost:8080/fedora/rest/dev/br/86/b3/85/br86b3855
2801pg72b,http://localhost:8080/fedora/rest/dev/br/86/b3/85/br86b3855
2801pg712,http://localhost:8080/fedora/rest/dev/br/86/b3/85/br86b3855
2801pg73m,http://localhost:8080/fedora/rest/dev/tm/70/mv/51/tm70mv51j
2801pg798,http://localhost:8080/fedora/rest/dev/2z/10/wq/66/2z10wq661
2801pg755,http://localhost:8080/fedora/rest/dev/xk/81/jk/87/xk81jk876
2801pg77q,http://localhost:8080/fedora/rest/dev/2b/88/qc/61/2b88qc619
2801pg780,http://localhost:8080/fedora/rest/dev/tm/70/mv/56/tm70mv56x
2801pg74w,http://localhost:8080/fedora/rest/dev/tm/70/mv/51/tm70mv51j
mp48sd25t,http://localhost:8080/fedora/rest/dev/mg/74/qm/48/mg74qm48c
mp48sd263,http://localhost:8080/fedora/rest/dev/xk/81/jk/87/xk81jk876
mp48sd27c,http://localhost:8080/fedora/rest/dev/db/78/tc/33/db78tc33w
mp48sd28n,http://localhost:8080/fedora/rest/dev/qz/20/st/01/qz20st012
8c97kq94g,http://localhost:8080/fedora/rest/dev/f4/75/2h/19/f4752h199
8c97kq95r,http://localhost:8080/fedora/rest/dev/jm/21/4p/59/jm214p59n
8c97kq92x,http://localhost:8080/fedora/rest/dev/8c/97/kq/91/8c97kq91n
8c97kq936,http://localhost:8080/fedora/rest/dev/bc/38/6j/68/bc386j68h
8c97kq90c,http://localhost:8080/fedora/rest/dev/qn/59/q4/34/qn59q4342
8c97kq961,http://localhost:8080/fedora/rest/dev/jm/21/4p/59/jm214p59n
5t34sj92p,http://localhost:8080/fedora/rest/dev/z0/29/p5/06/z029p506j
5t34sj93z,http://localhost:8080/fedora/rest/dev/xk/81/jk/87/xk81jk876
rf55z815z,http://localhost:8080/fedora/rest/dev/63/95/w7/44/6395w7441
rf55z814p,http://localhost:8080/fedora/rest/dev/nc/58/0n/01/nc580n017
rf55z8167,http://localhost:8080/fedora/rest/dev/th/83/kz/77/th83kz77f
9w032341q,http://localhost:8080/fedora/rest/dev/tm/70/mv/51/tm70mv51j
7m01bm12v,http://localhost:8080/fedora/rest/dev/db/78/tc/33/db78tc33w
7m01bm070,http://localhost:8080/fedora/rest/dev/gb/19/f6/18/gb19f618f
7m01bm109,http://localhost:8080/fedora/rest/dev/xk/81/jk/87/xk81jk876
7m01bm088,http://localhost:8080/fedora/rest/dev/nc/58/0n/01/nc580n017
7m01bm11k,http://localhost:8080/fedora/rest/dev/qb/98/mg/06/qb98mg063
7m01bm09j,http://localhost:8080/fedora/rest/dev/51/38/jf/31/5138jf313
9593tv590,http://localhost:8080/fedora/rest/dev/xk/81/jk/87/xk81jk876
9593tv60r,http://localhost:8080/fedora/rest/dev/xk/81/jk/87/xk81jk876
9593tv611,http://localhost:8080/fedora/rest/dev/qb/98/mg/06/qb98mg063
dn39x191k,http://localhost:8080/fedora/rest/dev/bc/38/6j/68/bc386j68h
dn39x1909,http://localhost:8080/fedora/rest/dev/br/86/b3/85/br86b3855
dn39x192v,http://localhost:8080/fedora/rest/dev/3b/59/18/85/3b591885p
t722h9121,http://localhost:8080/fedora/rest/dev/jh/34/3s/69/jh343s69n
t722h911r,http://localhost:8080/fedora/rest/dev/gh/93/gz/88/gh93gz886
t722h914k,http://localhost:8080/fedora/rest/dev/f4/75/2h/19/f4752h199
t722h9139,http://localhost:8080/fedora/rest/dev/tm/70/mv/51/tm70mv51j
08612n997,http://localhost:8080/fedora/rest/dev/jm/21/4p/59/jm214p59n
d504rk63w,http://localhost:8080/fedora/rest/dev/qb/98/mg/06/qb98mg063
d504rk62m,http://localhost:8080/fedora/rest/dev/gb/19/f6/18/gb19f618f
d504rk645,http://localhost:8080/fedora/rest/dev/v1/18/rf/06/v118rf068
w9505086g,http://localhost:8080/fedora/rest/dev/xk/81/jk/87/xk81jk876
w95050881,http://localhost:8080/fedora/rest/dev/db/78/tc/33/db78tc33w
w9505087r,http://localhost:8080/fedora/rest/dev/xk/81/jk/87/xk81jk876
6q182k50x,http://localhost:8080/fedora/rest/dev/fn/10/6z/33/fn106z337
6q182k495,http://localhost:8080/fedora/rest/dev/jh/34/3s/69/jh343s69n
6q182k516,http://localhost:8080/fedora/rest/dev/xk/81/jk/87/xk81jk876
6q182k52g,http://localhost:8080/fedora/rest/dev/7s/75/dc/71/7s75dc71j
qn59q435b,http://localhost:8080/fedora/rest/dev/gb/19/f6/18/gb19f618f
qn59q436m,http://localhost:8080/fedora/rest/dev/m0/39/k5/29/m039k5293
qn59q4385,http://localhost:8080/fedora/rest/dev/th/83/kz/75/th83kz75w
qn59q437w,http://localhost:8080/fedora/rest/dev/2f/75/r8/44/2f75r844w
p5547r82b,http://localhost:8080/fedora/rest/dev/bc/38/6j/68/bc386j68h
p5547r855,http://localhost:8080/fedora/rest/dev/xk/81/jk/87/xk81jk876
p5547r83m,http://localhost:8080/fedora/rest/dev/nc/58/0n/01/nc580n017
p5547r84w,http://localhost:8080/fedora/rest/dev/th/83/kz/75/th83kz75w
p5547r812,http://localhost:8080/fedora/rest/dev/gb/19/f6/18/gb19f618f
p5547r86f,http://localhost:8080/fedora/rest/dev/tm/70/mv/56/tm70mv56x
p5547r87q,http://localhost:8080/fedora/rest/dev/db/78/tc/35/db78tc35f
m900nt78c,http://localhost:8080/fedora/rest/dev/nk/32/2d/78/nk322d784
m900nt79n,http://localhost:8080/fedora/rest/dev/xk/81/jk/87/xk81jk876
sf2685667,http://localhost:8080/fedora/rest/dev/z6/03/qx/80/z603qx80x
sf268563d,http://localhost:8080/fedora/rest/dev/th/83/kz/75/th83kz75w
sf268567h,http://localhost:8080/fedora/rest/dev/ks/65/hc/56/ks65hc566
sf268564p,http://localhost:8080/fedora/rest/dev/3b/59/18/85/3b591885p
sf268565z,http://localhost:8080/fedora/rest/dev/7s/75/dc/71/7s75dc71j
0z708w88j,http://localhost:8080/fedora/rest/dev/nk/32/2d/76/nk322d76k
f4752h17r,http://localhost:8080/fedora/rest/dev/d7/91/sg/62/d791sg62t
f4752h181,http://localhost:8080/fedora/rest/dev/8c/97/kq/91/8c97kq91n
f4752h21b,http://localhost:8080/fedora/rest/dev/xk/81/jk/87/xk81jk876
f4752h22m,http://localhost:8080/fedora/rest/dev/xk/81/jk/87/xk81jk876
f4752h202,http://localhost:8080/fedora/rest/dev/63/95/w7/44/6395w7441
8049g541m,http://localhost:8080/fedora/rest/dev/8c/97/kq/91/8c97kq91n
8049g544f,http://localhost:8080/fedora/rest/dev/th/83/kz/75/th83kz75w
8049g5435,http://localhost:8080/fedora/rest/dev/z0/29/p5/06/z029p506j
8049g542w,http://localhost:8080/fedora/rest/dev/22/27/mp/97/2227mp97q
8049g545q,http://localhost:8080/fedora/rest/dev/xk/81/jk/87/xk81jk876
8049g5478,http://localhost:8080/fedora/rest/dev/qz/20/st/01/qz20st012
8049g549t,http://localhost:8080/fedora/rest/dev/db/78/tc/35/db78tc35f
8049g548j,http://localhost:8080/fedora/rest/dev/qz/20/st/01/qz20st012
8049g5460,http://localhost:8080/fedora/rest/dev/jm/21/4p/59/jm214p59n
9p290977m,http://localhost:8080/fedora/rest/dev/xk/81/jk/83/xk81jk833
9p2909795,http://localhost:8080/fedora/rest/dev/db/78/tc/33/db78tc33w
9p290978w,http://localhost:8080/fedora/rest/dev/br/86/b3/85/br86b3855
9p290980x,http://localhost:8080/fedora/rest/dev/db/78/tc/33/db78tc33w
n296wz52k,http://localhost:8080/fedora/rest/dev/xk/81/jk/83/xk81jk833
n296wz53v,http://localhost:8080/fedora/rest/dev/gb/19/f6/18/gb19f618f
n296wz544,http://localhost:8080/fedora/rest/dev/nk/32/2d/78/nk322d784
n296wz55d,http://localhost:8080/fedora/rest/dev/tm/70/mv/56/tm70mv56x
ff3655478,http://localhost:8080/fedora/rest/dev/jq/08/5k/47/jq085k47c
ff3655460,http://localhost:8080/fedora/rest/dev/z0/29/p5/06/z029p506j
ff365548j,http://localhost:8080/fedora/rest/dev/z6/03/qx/80/z603qx80x
ff365549t,http://localhost:8080/fedora/rest/dev/db/78/tc/35/db78tc35f
b5644s009,http://localhost:8080/fedora/rest/dev/jh/34/3s/69/jh343s69n
b5644s02v,http://localhost:8080/fedora/rest/dev/mg/74/qm/49/mg74qm49n
b5644s01k,http://localhost:8080/fedora/rest/dev/2f/75/r8/44/2f75r844w
b5644s034,http://localhost:8080/fedora/rest/dev/nk/32/2d/78/nk322d784
h989r356g,http://localhost:8080/fedora/rest/dev/jm/21/4p/59/jm214p59n
h989r3556,http://localhost:8080/fedora/rest/dev/bc/38/6j/68/bc386j68h
ng451h89d,http://localhost:8080/fedora/rest/dev/m9/00/nt/77/m900nt773
ng451h930,http://localhost:8080/fedora/rest/dev/5h/73/pw/51/5h73pw51n
ng451h948,http://localhost:8080/fedora/rest/dev/tm/70/mv/56/tm70mv56x
ng451h92q,http://localhost:8080/fedora/rest/dev/sx/61/dm/68/sx61dm68v
ng451h91f,http://localhost:8080/fedora/rest/dev/xk/81/jk/87/xk81jk876
6108vb674,http://localhost:8080/fedora/rest/dev/8c/97/kq/91/8c97kq91n
6108vb66v,http://localhost:8080/fedora/rest/dev/ng/45/1h/90/ng451h905
6108vb69p,http://localhost:8080/fedora/rest/dev/qz/20/st/01/qz20st012
6108vb68d,http://localhost:8080/fedora/rest/dev/jm/21/4p/59/jm214p59n
6108vb65k,http://localhost:8080/fedora/rest/dev/m0/39/k5/26/m039k5268
sx61dm669,http://localhost:8080/fedora/rest/dev/th/83/kz/75/th83kz75w
sx61dm651,http://localhost:8080/fedora/rest/dev/gh/93/gz/88/gh93gz886
sx61dm694,http://localhost:8080/fedora/rest/dev/7s/75/dc/71/7s75dc71j
sx61dm70w,http://localhost:8080/fedora/rest/dev/tm/70/mv/56/tm70mv56x
sx61dm67k,http://localhost:8080/fedora/rest/dev/xk/81/jk/87/xk81jk876
v979v3478,http://localhost:8080/fedora/rest/dev/xk/81/jk/87/xk81jk876
v979v3460,http://localhost:8080/fedora/rest/dev/m0/39/k5/29/m039k5293
v979v349t,http://localhost:8080/fedora/rest/dev/tm/70/mv/56/tm70mv56x
v979v348j,http://localhost:8080/fedora/rest/dev/db/78/tc/33/db78tc33w
v979v350k,http://localhost:8080/fedora/rest/dev/ks/65/hc/56/ks65hc566
qr46r116c,http://localhost:8080/fedora/rest/dev/br/86/b3/85/br86b3855
qr46r118x,http://localhost:8080/fedora/rest/dev/cz/30/pt/06/cz30pt06p
qr46r1196,http://localhost:8080/fedora/rest/dev/th/83/kz/77/th83kz77f
qr46r117n,http://localhost:8080/fedora/rest/dev/gb/19/f6/18/gb19f618f
qr46r120z,http://localhost:8080/fedora/rest/dev/jm/21/4p/59/jm214p59n
pz50gw47t,http://localhost:8080/fedora/rest/dev/mg/74/qm/49/mg74qm49n
pz50gw46j,http://localhost:8080/fedora/rest/dev/tm/70/mv/51/tm70mv51j
n870zr212,http://localhost:8080/fedora/rest/dev/7s/75/dc/71/7s75dc71j
n870zr18r,http://localhost:8080/fedora/rest/dev/xk/81/jk/87/xk81jk876
n870zr20s,http://localhost:8080/fedora/rest/dev/sx/61/dm/68/sx61dm68v
n870zr191,http://localhost:8080/fedora/rest/dev/xk/81/jk/87/xk81jk876
2z10wq64g,http://localhost:8080/fedora/rest/dev/m0/39/k5/26/m039k5268
ns064642h,http://localhost:8080/fedora/rest/dev/qn/59/q4/34/qn59q4342
ns0646417,http://localhost:8080/fedora/rest/dev/m9/00/nt/77/m900nt773
ns064646m,http://localhost:8080/fedora/rest/dev/db/78/tc/35/db78tc35f
ns0646442,http://localhost:8080/fedora/rest/dev/xk/81/jk/87/xk81jk876
ns064645b,http://localhost:8080/fedora/rest/dev/db/78/tc/35/db78tc35f
ns064643s,http://localhost:8080/fedora/rest/dev/8s/45/q9/09/8s45q909x
vt150j556,http://localhost:8080/fedora/rest/dev/nk/32/2d/76/nk322d76k
vt150j56g,http://localhost:8080/fedora/rest/dev/th/83/kz/75/th83kz75w
vt150j57r,http://localhost:8080/fedora/rest/dev/jm/21/4p/59/jm214p59n
7d278t491,http://localhost:8080/fedora/rest/dev/nk/32/2d/76/nk322d76k
7d278t50s,http://localhost:8080/fedora/rest/dev/bc/38/6j/68/bc386j68h
7d278t52b,http://localhost:8080/fedora/rest/dev/qb/98/mg/06/qb98mg063
7d278t512,http://localhost:8080/fedora/rest/dev/xk/81/jk/87/xk81jk876
7d278t53m,http://localhost:8080/fedora/rest/dev/db/78/tc/33/db78tc33w
h128nf04z,http://localhost:8080/fedora/rest/dev/jh/34/3s/69/jh343s69n
h128nf03p,http://localhost:8080/fedora/rest/dev/br/86/b3/85/br86b3855
h128nf057,http://localhost:8080/fedora/rest/dev/nk/32/2d/76/nk322d76k
h128nf12n,http://localhost:8080/fedora/rest/dev/z6/03/qx/80/z603qx80x
h128nf103,http://localhost:8080/fedora/rest/dev/cz/30/pt/06/cz30pt06p
h128nf07s,http://localhost:8080/fedora/rest/dev/ng/45/1h/90/ng451h905
h128nf11c,http://localhost:8080/fedora/rest/dev/th/83/kz/75/th83kz75w
h128nf13x,http://localhost:8080/fedora/rest/dev/ks/65/hc/56/ks65hc566
h128nf06h,http://localhost:8080/fedora/rest/dev/ng/45/1h/90/ng451h905
h128nf09b,http://localhost:8080/fedora/rest/dev/z0/29/p5/06/z029p506j
h128nf082,http://localhost:8080/fedora/rest/dev/gb/19/f6/18/gb19f618f
d791sg633,http://localhost:8080/fedora/rest/dev/jm/21/4p/59/jm214p59n
707957927,http://localhost:8080/fedora/rest/dev/sx/61/dm/68/sx61dm68v
70795789x,http://localhost:8080/fedora/rest/dev/tm/70/mv/51/tm70mv51j
70795791z,http://localhost:8080/fedora/rest/dev/xk/81/jk/87/xk81jk876
70795794s,http://localhost:8080/fedora/rest/dev/2z/10/wq/66/2z10wq661
70795790p,http://localhost:8080/fedora/rest/dev/xk/81/jk/87/xk81jk876
70795793h,http://localhost:8080/fedora/rest/dev/db/78/tc/33/db78tc33w
r494vk58r,http://localhost:8080/fedora/rest/dev/z0/29/p5/06/z029p506j
r494vk591,http://localhost:8080/fedora/rest/dev/nk/32/2d/78/nk322d784
r494vk60s,http://localhost:8080/fedora/rest/dev/th/83/kz/75/th83kz75w
j9602102w,http://localhost:8080/fedora/rest/dev/8c/97/kq/91/8c97kq91n
j9602101m,http://localhost:8080/fedora/rest/dev/br/86/b3/85/br86b3855
j96021035,http://localhost:8080/fedora/rest/dev/xk/81/jk/87/xk81jk876
j9602104f,http://localhost:8080/fedora/rest/dev/jm/21/4p/59/jm214p59n
hd76s0456,http://localhost:8080/fedora/rest/dev/m9/00/nt/77/m900nt773
hd76s0481,http://localhost:8080/fedora/rest/dev/th/83/kz/75/th83kz75w
hd76s047r,http://localhost:8080/fedora/rest/dev/nc/58/0n/01/nc580n017
7p88cg876,http://localhost:8080/fedora/rest/dev/tm/70/mv/51/tm70mv51j
7p88cg86x,http://localhost:8080/fedora/rest/dev/tm/70/mv/51/tm70mv51j
7p88cg89r,http://localhost:8080/fedora/rest/dev/nk/32/2d/78/nk322d784
7p88cg88g,http://localhost:8080/fedora/rest/dev/gb/19/f6/18/gb19f618f
bg257f49j,http://localhost:8080/fedora/rest/dev/gb/19/f6/18/gb19f618f
jh343s70d,http://localhost:8080/fedora/rest/dev/nk/32/2d/76/nk322d76k
jh343s71p,http://localhost:8080/fedora/rest/dev/gb/19/f6/18/gb19f618f
jh343s72z,http://localhost:8080/fedora/rest/dev/jm/21/4p/59/jm214p59n
02870w166,http://localhost:8080/fedora/rest/dev/m0/39/k5/29/m039k5293
02870w15x,http://localhost:8080/fedora/rest/dev/m0/39/k5/28/m039k528t
02870w14n,http://localhost:8080/fedora/rest/dev/m0/39/k5/26/m039k5268
02870w17g,http://localhost:8080/fedora/rest/dev/xk/81/jk/87/xk81jk876
02870w18r,http://localhost:8080/fedora/rest/dev/xk/81/jk/87/xk81jk876
cj82k762z,http://localhost:8080/fedora/rest/dev/tm/70/mv/56/tm70mv56x
cj82k760d,http://localhost:8080/fedora/rest/dev/ng/45/1h/90/ng451h905
vq27zn88c,http://localhost:8080/fedora/rest/dev/3b/59/18/85/3b591885p
vq27zn86t,http://localhost:8080/fedora/rest/dev/xk/81/jk/87/xk81jk876
vq27zn873,http://localhost:8080/fedora/rest/dev/xk/81/jk/87/xk81jk876
vq27zn89n,http://localhost:8080/fedora/rest/dev/2z/10/wq/66/2z10wq661
z316q1882,http://localhost:8080/fedora/rest/dev/ng/45/1h/90/ng451h905
z316q1903,http://localhost:8080/fedora/rest/dev/xk/81/jk/87/xk81jk876
z316q189b,http://localhost:8080/fedora/rest/dev/f4/75/2h/19/f4752h199
x920fx22m,http://localhost:8080/fedora/rest/dev/bc/38/6j/68/bc386j68h
x920fx245,http://localhost:8080/fedora/rest/dev/db/78/tc/33/db78tc33w
x920fx23w,http://localhost:8080/fedora/rest/dev/sx/61/dm/68/sx61dm68v
gb19f615m,http://localhost:8080/fedora/rest/dev/m0/39/k5/26/m039k5268
gb19f6175,http://localhost:8080/fedora/rest/dev/jh/34/3s/69/jh343s69n
gb19f619q,http://localhost:8080/fedora/rest/dev/mg/74/qm/48/mg74qm48c
gb19f616w,http://localhost:8080/fedora/rest/dev/jh/34/3s/69/jh343s69n
gb19f620g,http://localhost:8080/fedora/rest/dev/57/12/m6/92/5712m6923
gb19f621r,http://localhost:8080/fedora/rest/dev/xk/81/jk/87/xk81jk876
gb19f6221,http://localhost:8080/fedora/rest/dev/sx/61/dm/68/sx61dm68v
vh53ww205,http://localhost:8080/fedora/rest/dev/jm/21/4p/59/jm214p59n
vh53ww21f,http://localhost:8080/fedora/rest/dev/ks/65/hc/56/ks65hc566
vh53ww19d,http://localhost:8080/fedora/rest/dev/xk/81/jk/87/xk81jk876
vh53ww184,http://localhost:8080/fedora/rest/dev/nk/32/2d/78/nk322d784
sn009z195,http://localhost:8080/fedora/rest/dev/m9/00/nt/77/m900nt773
sn009z20x,http://localhost:8080/fedora/rest/dev/gb/19/f6/18/gb19f618f
sn009z22g,http://localhost:8080/fedora/rest/dev/7s/75/dc/71/7s75dc71j
sn009z216,http://localhost:8080/fedora/rest/dev/7s/75/dc/71/7s75dc71j
bk128b213,http://localhost:8080/fedora/rest/dev/7s/75/dc/71/7s75dc71j
bk128b20t,http://localhost:8080/fedora/rest/dev/xk/81/jk/87/xk81jk876
bk128b18s,http://localhost:8080/fedora/rest/dev/bc/38/6j/68/bc386j68h
bk128b17h,http://localhost:8080/fedora/rest/dev/5h/73/pw/46/5h73pw46s
bk128b192,http://localhost:8080/fedora/rest/dev/z0/29/p5/06/z029p506j
bk128b22c,http://localhost:8080/fedora/rest/dev/tm/70/mv/56/tm70mv56x
9z9030337,http://localhost:8080/fedora/rest/dev/br/86/b3/85/br86b3855
9z903034h,http://localhost:8080/fedora/rest/dev/jh/34/3s/69/jh343s69n
9z903035s,http://localhost:8080/fedora/rest/dev/2f/75/r8/44/2f75r844w
1z40kt254,http://localhost:8080/fedora/rest/dev/xk/81/jk/87/xk81jk876
1z40kt23k,http://localhost:8080/fedora/rest/dev/br/86/b3/85/br86b3855
1z40kt24v,http://localhost:8080/fedora/rest/dev/gb/19/f6/18/gb19f618f
1z40kt229,http://localhost:8080/fedora/rest/dev/m0/39/k5/26/m039k5268
1z40kt28z,http://localhost:8080/fedora/rest/dev/qz/20/st/01/qz20st012
1z40kt27p,http://localhost:8080/fedora/rest/dev/5h/73/pw/51/5h73pw51n
1z40kt297,http://localhost:8080/fedora/rest/dev/qz/20/st/01/qz20st012
t148fh542,http://localhost:8080/fedora/rest/dev/tm/70/mv/51/tm70mv51j
t148fh55b,http://localhost:8080/fedora/rest/dev/tm/70/mv/56/tm70mv56x
t148fh53s,http://localhost:8080/fedora/rest/dev/jh/34/3s/69/jh343s69n
sb3978678,http://localhost:8080/fedora/rest/dev/br/86/b3/85/br86b3855
sb397868j,http://localhost:8080/fedora/rest/dev/br/86/b3/85/br86b3855
sb397870k,http://localhost:8080/fedora/rest/dev/3b/59/18/85/3b591885p
sb397869t,http://localhost:8080/fedora/rest/dev/xk/81/jk/87/xk81jk876
nk322d79d,http://localhost:8080/fedora/rest/dev/xk/81/jk/87/xk81jk876
nk322d77v,http://localhost:8080/fedora/rest/dev/z0/29/p5/06/z029p506j
qv33rx08r,http://localhost:8080/fedora/rest/dev/tm/70/mv/56/tm70mv56x
qv33rx066,http://localhost:8080/fedora/rest/dev/nk/32/2d/78/nk322d784
qv33rx05x,http://localhost:8080/fedora/rest/dev/bc/38/6j/68/bc386j68h
qv33rx04n,http://localhost:8080/fedora/rest/dev/gb/19/f6/18/gb19f618f
qv33rx07g,http://localhost:8080/fedora/rest/dev/xk/81/jk/87/xk81jk876
qv33rx03c,http://localhost:8080/fedora/rest/dev/tm/70/mv/51/tm70mv51j
5999n373c,http://localhost:8080/fedora/rest/dev/jh/34/3s/69/jh343s69n
5999n374n,http://localhost:8080/fedora/rest/dev/jm/21/4p/59/jm214p59n
5999n3723,http://localhost:8080/fedora/rest/dev/br/86/b3/85/br86b3855
5712m689s,http://localhost:8080/fedora/rest/dev/jh/34/3s/69/jh343s69n
5712m691t,http://localhost:8080/fedora/rest/dev/gb/19/f6/18/gb19f618f
5712m690j,http://localhost:8080/fedora/rest/dev/gb/19/f6/18/gb19f618f
5712m695x,http://localhost:8080/fedora/rest/dev/3b/59/18/85/3b591885p
5712m694n,http://localhost:8080/fedora/rest/dev/xk/81/jk/87/xk81jk876
5712m693c,http://localhost:8080/fedora/rest/dev/2z/10/wq/65/2z10wq65r
0g354f655,http://localhost:8080/fedora/rest/dev/8s/45/q9/09/8s45q909x
0g354f67q,http://localhost:8080/fedora/rest/dev/th/83/kz/75/th83kz75w
0g354f66f,http://localhost:8080/fedora/rest/dev/nk/32/2d/78/nk322d784
0g354f64w,http://localhost:8080/fedora/rest/dev/gh/93/gz/88/gh93gz886
zk51vh163,http://localhost:8080/fedora/rest/dev/xk/81/jk/87/xk81jk876
zk51vh17c,http://localhost:8080/fedora/rest/dev/jm/21/4p/59/jm214p59n
cn69m458w,http://localhost:8080/fedora/rest/dev/nk/32/2d/78/nk322d784
cn69m4595,http://localhost:8080/fedora/rest/dev/xk/81/jk/87/xk81jk876
cn69m456b,http://localhost:8080/fedora/rest/dev/2f/75/r8/44/2f75r844w
cn69m457m,http://localhost:8080/fedora/rest/dev/63/95/w7/44/6395w7441
cn69m4552,http://localhost:8080/fedora/rest/dev/m0/39/k5/26/m039k5268
ms35t914j,http://localhost:8080/fedora/rest/dev/m9/00/nt/77/m900nt773
ms35t9163,http://localhost:8080/fedora/rest/dev/nk/32/2d/76/nk322d76k
ms35t917c,http://localhost:8080/fedora/rest/dev/5h/73/pw/46/5h73pw46s
ms35t918n,http://localhost:8080/fedora/rest/dev/63/95/w7/44/6395w7441
ms35t919x,http://localhost:8080/fedora/rest/dev/ks/65/hc/56/ks65hc566
ms35t915t,http://localhost:8080/fedora/rest/dev/gh/93/gz/88/gh93gz886
1g05fc02r,http://localhost:8080/fedora/rest/dev/89/10/jt/88/8910jt88v
1g05fc031,http://localhost:8080/fedora/rest/dev/xk/81/jk/87/xk81jk876
1g05fc01g,http://localhost:8080/fedora/rest/dev/m0/39/k5/26/m039k5268
c821gk26b,http://localhost:8080/fedora/rest/dev/br/86/b3/85/br86b3855
c821gk27m,http://localhost:8080/fedora/rest/dev/xk/81/jk/87/xk81jk876
g445cd57c,http://localhost:8080/fedora/rest/dev/mg/74/qm/49/mg74qm49n
g445cd54j,http://localhost:8080/fedora/rest/dev/nk/32/2d/76/nk322d76k
g445cd563,http://localhost:8080/fedora/rest/dev/51/38/jf/31/5138jf313
g445cd55t,http://localhost:8080/fedora/rest/dev/gb/19/f6/18/gb19f618f
g445cd60p,http://localhost:8080/fedora/rest/dev/z6/03/qx/80/z603qx80x
g445cd59x,http://localhost:8080/fedora/rest/dev/qb/98/mg/06/qb98mg063
g445cd58n,http://localhost:8080/fedora/rest/dev/xk/81/jk/87/xk81jk876
g445cd61z,http://localhost:8080/fedora/rest/dev/qz/20/st/01/qz20st012
ht24wj87k,http://localhost:8080/fedora/rest/dev/nc/58/0n/01/nc580n017
ht24wj869,http://localhost:8080/fedora/rest/dev/br/86/b3/85/br86b3855
ht24wj894,http://localhost:8080/fedora/rest/dev/xk/81/jk/87/xk81jk876
ht24wj88v,http://localhost:8080/fedora/rest/dev/mg/74/qm/49/mg74qm49n
ht24wj851,http://localhost:8080/fedora/rest/dev/np/19/39/65/np193965k
3b5918834,http://localhost:8080/fedora/rest/dev/nc/58/0n/01/nc580n017
3b591884d,http://localhost:8080/fedora/rest/dev/xk/81/jk/87/xk81jk876
rn301168d,http://localhost:8080/fedora/rest/dev/br/86/b3/85/br86b3855
rn301169p,http://localhost:8080/fedora/rest/dev/br/86/b3/85/br86b3855
rn301170f,http://localhost:8080/fedora/rest/dev/th/83/kz/75/th83kz75w
rn301171q,http://localhost:8080/fedora/rest/dev/qz/20/st/01/qz20st012
41687h82q,http://localhost:8080/fedora/rest/dev/2b/88/qc/61/2b88qc619
41687h81f,http://localhost:8080/fedora/rest/dev/xk/81/jk/87/xk81jk876
41687h805,http://localhost:8080/fedora/rest/dev/nk/32/2d/76/nk322d76k
0k225b47g,http://localhost:8080/fedora/rest/dev/jh/34/3s/69/jh343s69n
0k225b466,http://localhost:8080/fedora/rest/dev/jh/34/3s/69/jh343s69n
0k225b491,http://localhost:8080/fedora/rest/dev/5h/73/pw/46/5h73pw46s
0k225b45x,http://localhost:8080/fedora/rest/dev/br/86/b3/85/br86b3855
0k225b50s,http://localhost:8080/fedora/rest/dev/gb/19/f6/18/gb19f618f
0k225b48r,http://localhost:8080/fedora/rest/dev/ng/45/1h/90/ng451h905
0k225b512,http://localhost:8080/fedora/rest/dev/7s/75/dc/71/7s75dc71j
1r66j149d,http://localhost:8080/fedora/rest/dev/bc/38/6j/68/bc386j68h
1r66j1484,http://localhost:8080/fedora/rest/dev/nk/32/2d/76/nk322d76k
1r66j151f,http://localhost:8080/fedora/rest/dev/xk/81/jk/87/xk81jk876
1r66j1505,http://localhost:8080/fedora/rest/dev/2z/10/wq/65/2z10wq65r
rb68xc19t,http://localhost:8080/fedora/rest/dev/tm/70/mv/51/tm70mv51j
rb68xc21v,http://localhost:8080/fedora/rest/dev/th/83/kz/75/th83kz75w
rb68xc20k,http://localhost:8080/fedora/rest/dev/gb/19/f6/18/gb19f618f
kd17ct281,http://localhost:8080/fedora/rest/dev/z0/29/p5/06/z029p506j
z890rt63g,#<ActiveTriples::Resource:0x00000005b54758>
z890rt669,http://localhost:8080/fedora/rest/dev/xk/81/jk/87/xk81jk876
z890rt651,http://localhost:8080/fedora/rest/dev/xk/81/jk/87/xk81jk876
z890rt64r,http://localhost:8080/fedora/rest/dev/nk/32/2d/76/nk322d76k
z890rt68v,http://localhost:8080/fedora/rest/dev/db/78/tc/35/db78tc35f
z890rt67k,http://localhost:8080/fedora/rest/dev/gf/06/g3/11/gf06g311r
3f462587g,http://localhost:8080/fedora/rest/dev/xk/81/jk/87/xk81jk876
3f4625891,http://localhost:8080/fedora/rest/dev/7s/75/dc/71/7s75dc71j
3f462588r,http://localhost:8080/fedora/rest/dev/sx/61/dm/68/sx61dm68v
3f462585x,http://localhost:8080/fedora/rest/dev/z0/29/p5/06/z029p506j
3f4625866,http://localhost:8080/fedora/rest/dev/mg/74/qm/49/mg74qm49n
3f462590s,http://localhost:8080/fedora/rest/dev/jm/21/4p/59/jm214p59n
v405s980k,http://localhost:8080/fedora/rest/dev/br/86/b3/85/br86b3855
v405s9824,http://localhost:8080/fedora/rest/dev/ks/65/hc/56/ks65hc566
v405s983d,http://localhost:8080/fedora/rest/dev/db/78/tc/35/db78tc35f
v405s981v,http://localhost:8080/fedora/rest/dev/jh/34/3s/69/jh343s69n
1v53jx311,http://localhost:8080/fedora/rest/dev/hd/76/s0/46/hd76s046g
1v53jx36d,http://localhost:8080/fedora/rest/dev/nc/58/0n/01/nc580n017
1v53jx33k,http://localhost:8080/fedora/rest/dev/tm/70/mv/51/tm70mv51j
1v53jx354,http://localhost:8080/fedora/rest/dev/bc/38/6j/68/bc386j68h
1v53jx37p,http://localhost:8080/fedora/rest/dev/db/78/tc/35/db78tc35f
1v53jx34v,http://localhost:8080/fedora/rest/dev/ng/45/1h/90/ng451h905
1v53jx329,http://localhost:8080/fedora/rest/dev/gh/93/gz/88/gh93gz886
js956g22q,http://localhost:8080/fedora/rest/dev/xk/81/jk/87/xk81jk876
js956g230,http://localhost:8080/fedora/rest/dev/xk/81/jk/87/xk81jk876
js956g21f,http://localhost:8080/fedora/rest/dev/jh/34/3s/69/jh343s69n
js956g248,http://localhost:8080/fedora/rest/dev/sx/61/dm/68/sx61dm68v
474299541,http://localhost:8080/fedora/rest/dev/fn/10/6z/33/fn106z337
47429956k,http://localhost:8080/fedora/rest/dev/v6/92/t6/67/v692t6677
474299559,http://localhost:8080/fedora/rest/dev/z0/29/p5/06/z029p506j
tt44pn37g,http://localhost:8080/fedora/rest/dev/xk/81/jk/87/xk81jk876
tt44pn391,http://localhost:8080/fedora/rest/dev/28/01/pg/76/2801pg76f
tt44pn38r,http://localhost:8080/fedora/rest/dev/xk/81/jk/87/xk81jk876
tt44pn40s,http://localhost:8080/fedora/rest/dev/db/78/tc/35/db78tc35f
tt44pn366,http://localhost:8080/fedora/rest/dev/d7/91/sg/62/d791sg62t
xs55mc43w,http://localhost:8080/fedora/rest/dev/ng/45/1h/90/ng451h905
xs55mc445,http://localhost:8080/fedora/rest/dev/gb/19/f6/18/gb19f618f
3n203z415,http://localhost:8080/fedora/rest/dev/nc/58/0n/01/nc580n017
3n203z42f,http://localhost:8080/fedora/rest/dev/xk/81/jk/87/xk81jk876
tq57nr39s,http://localhost:8080/fedora/rest/dev/qn/59/q4/34/qn59q4342
tq57nr423,http://localhost:8080/fedora/rest/dev/rb/68/xc/22/rb68xc224
tq57nr41t,http://localhost:8080/fedora/rest/dev/nc/58/0n/01/nc580n017
tq57nr40j,http://localhost:8080/fedora/rest/dev/tm/70/mv/51/tm70mv51j
vm40xr826,http://localhost:8080/fedora/rest/dev/ks/65/hc/56/ks65hc566
k643b1649,http://localhost:8080/fedora/rest/dev/2b/88/qc/61/2b88qc619
k643b1631,http://localhost:8080/fedora/rest/dev/sx/61/dm/68/sx61dm68v
k643b162r,http://localhost:8080/fedora/rest/dev/8c/97/kq/91/8c97kq91n
kh04dq08s,http://localhost:8080/fedora/rest/dev/xk/81/jk/87/xk81jk876
x059c768p,http://localhost:8080/fedora/rest/dev/xk/81/jk/87/xk81jk876
x059c767d,http://localhost:8080/fedora/rest/dev/gb/19/f6/18/gb19f618f
2n49t204p,http://localhost:8080/fedora/rest/dev/gh/93/gz/88/gh93gz886
p2676v980,http://localhost:8080/fedora/rest/dev/sj/13/92/26/sj139226h
p2676v97q,http://localhost:8080/fedora/rest/dev/jh/34/3s/69/jh343s69n
p2676v96f,http://localhost:8080/fedora/rest/dev/gh/93/gz/88/gh93gz886
5h73pw48b,http://localhost:8080/fedora/rest/dev/xk/81/jk/87/xk81jk876
5h73pw472,http://localhost:8080/fedora/rest/dev/57/12/m6/92/5712m6923
5h73pw50c,http://localhost:8080/fedora/rest/dev/2b/88/qc/61/2b88qc619
5h73pw49m,http://localhost:8080/fedora/rest/dev/db/78/tc/33/db78tc33w
5h73pw52x,http://localhost:8080/fedora/rest/dev/db/78/tc/35/db78tc35f
73666487m,http://localhost:8080/fedora/rest/dev/jh/34/3s/69/jh343s69n
f7623c92b,http://localhost:8080/fedora/rest/dev/8c/97/kq/91/8c97kq91n
f7623c93m,http://localhost:8080/fedora/rest/dev/bc/38/6j/68/bc386j68h
f7623c912,http://localhost:8080/fedora/rest/dev/tm/70/mv/51/tm70mv51j
76537173h,http://localhost:8080/fedora/rest/dev/8c/97/kq/91/8c97kq91n
wh246s552,http://localhost:8080/fedora/rest/dev/m9/00/nt/77/m900nt773
wh246s56b,http://localhost:8080/fedora/rest/dev/bc/38/6j/68/bc386j68h
wh246s595,http://localhost:8080/fedora/rest/dev/nk/32/2d/78/nk322d784
wh246s57m,http://localhost:8080/fedora/rest/dev/z0/29/p5/06/z029p506j
wh246s60x,http://localhost:8080/fedora/rest/dev/1z/40/kt/26/1z40kt26d
wh246s58w,http://localhost:8080/fedora/rest/dev/nk/32/2d/78/nk322d784
pv63g066z,http://localhost:8080/fedora/rest/dev/sx/61/dm/68/sx61dm68v
pv63g064d,http://localhost:8080/fedora/rest/dev/tm/70/mv/51/tm70mv51j
pv63g0677,http://localhost:8080/fedora/rest/dev/qb/98/mg/06/qb98mg063
pv63g068h,http://localhost:8080/fedora/rest/dev/tm/70/mv/56/tm70mv56x
pv63g065p,http://localhost:8080/fedora/rest/dev/nk/32/2d/78/nk322d784
n583xv380,http://localhost:8080/fedora/rest/dev/xk/81/jk/87/xk81jk876
n583xv398,http://localhost:8080/fedora/rest/dev/xk/81/jk/87/xk81jk876
n583xv37q,http://localhost:8080/fedora/rest/dev/mg/74/qm/49/mg74qm49n
n583xv36f,http://localhost:8080/fedora/rest/dev/9z/90/30/36/9z9030362
n583xv355,http://localhost:8080/fedora/rest/dev/gh/93/gz/88/gh93gz886
n583xv401,http://localhost:8080/fedora/rest/dev/jm/21/4p/59/jm214p59n
rr171x534,http://localhost:8080/fedora/rest/dev/8c/97/kq/91/8c97kq91n
rr171x52v,http://localhost:8080/fedora/rest/dev/gb/19/f6/18/gb19f618f
rr171x55p,http://localhost:8080/fedora/rest/dev/jm/21/4p/59/jm214p59n
rr171x54d,http://localhost:8080/fedora/rest/dev/2b/88/qc/61/2b88qc619
3j3332545,http://localhost:8080/fedora/rest/dev/63/95/w7/44/6395w7441
3j333255f,http://localhost:8080/fedora/rest/dev/nk/32/2d/78/nk322d784
3j333256q,http://localhost:8080/fedora/rest/dev/sx/61/dm/68/sx61dm68v
8910jt915,http://localhost:8080/fedora/rest/dev/z0/29/p5/06/z029p506j
8910jt90w,http://localhost:8080/fedora/rest/dev/z0/29/p5/06/z029p506j
8910jt894,http://localhost:8080/fedora/rest/dev/gb/19/f6/18/gb19f618f
8910jt958,http://localhost:8080/fedora/rest/dev/3b/59/18/85/3b591885p
8910jt93q,http://localhost:8080/fedora/rest/dev/nk/32/2d/78/nk322d784
8910jt92f,http://localhost:8080/fedora/rest/dev/nk/32/2d/78/nk322d784
8910jt940,http://localhost:8080/fedora/rest/dev/xk/81/jk/87/xk81jk876
wp988k23h,http://localhost:8080/fedora/rest/dev/tm/70/mv/56/tm70mv56x
wp988k227,http://localhost:8080/fedora/rest/dev/d7/91/sg/62/d791sg62t
wp988k21z,http://localhost:8080/fedora/rest/dev/gh/93/gz/88/gh93gz886
8k71nh43g,http://localhost:8080/fedora/rest/dev/mg/74/qm/49/mg74qm49n
8k71nh451,http://localhost:8080/fedora/rest/dev/xk/81/jk/87/xk81jk876
8k71nh426,http://localhost:8080/fedora/rest/dev/ng/45/1h/90/ng451h905
8k71nh41x,http://localhost:8080/fedora/rest/dev/m0/39/k5/26/m039k5268
8k71nh44r,http://localhost:8080/fedora/rest/dev/nk/32/2d/78/nk322d784
0v838098q,http://localhost:8080/fedora/rest/dev/gb/19/f6/18/gb19f618f
0v838097f,http://localhost:8080/fedora/rest/dev/gh/93/gz/88/gh93gz886
0v8380990,http://localhost:8080/fedora/rest/dev/3b/59/18/85/3b591885p
0v8380965,http://localhost:8080/fedora/rest/dev/m0/39/k5/26/m039k5268
0v8381023,http://localhost:8080/fedora/rest/dev/ks/65/hc/56/ks65hc566
0v838101t,http://localhost:8080/fedora/rest/dev/tm/70/mv/56/tm70mv56x
0v838100j,http://localhost:8080/fedora/rest/dev/m0/39/k5/32/m039k532d
hx11xf71x,http://localhost:8080/fedora/rest/dev/z6/03/qx/80/z603qx80x
hx11xf726,http://localhost:8080/fedora/rest/dev/2z/10/wq/66/2z10wq661
cz30pt044,http://localhost:8080/fedora/rest/dev/br/86/b3/85/br86b3855
cz30pt07z,http://localhost:8080/fedora/rest/dev/rb/68/xc/22/rb68xc224
cz30pt087,http://localhost:8080/fedora/rest/dev/xk/81/jk/87/xk81jk876
cz30pt05d,http://localhost:8080/fedora/rest/dev/z0/29/p5/06/z029p506j
0c483j798,http://localhost:8080/fedora/rest/dev/tm/70/mv/51/tm70mv51j
0c483j801,http://localhost:8080/fedora/rest/dev/2f/75/r8/44/2f75r844w
0c483j780,http://localhost:8080/fedora/rest/dev/gh/93/gz/88/gh93gz886
0c483j819,http://localhost:8080/fedora/rest/dev/tm/70/mv/56/tm70mv56x
0c483j82k,http://localhost:8080/fedora/rest/dev/jm/21/4p/59/jm214p59n
9880vr40h,http://localhost:8080/fedora/rest/dev/gh/93/gz/88/gh93gz886
9880vr41s,http://localhost:8080/fedora/rest/dev/2b/88/qc/61/2b88qc619
mk61rh36t,http://localhost:8080/fedora/rest/dev/sx/61/dm/68/sx61dm68v
mk61rh348,http://localhost:8080/fedora/rest/dev/xk/81/jk/87/xk81jk876
mk61rh32q,http://localhost:8080/fedora/rest/dev/xk/81/jk/87/xk81jk876
mk61rh35j,http://localhost:8080/fedora/rest/dev/xk/81/jk/87/xk81jk876
mk61rh330,http://localhost:8080/fedora/rest/dev/xk/81/jk/87/xk81jk876
mk61rh31f,http://localhost:8080/fedora/rest/dev/m0/39/k5/26/m039k5268
1544bp405,http://localhost:8080/fedora/rest/dev/tm/70/mv/51/tm70mv51j
1544bp42q,http://localhost:8080/fedora/rest/dev/xk/81/jk/87/xk81jk876
1544bp41f,http://localhost:8080/fedora/rest/dev/2f/75/r8/44/2f75r844w
1544bp430,http://localhost:8080/fedora/rest/dev/jm/21/4p/59/jm214p59n
1544bp448,http://localhost:8080/fedora/rest/dev/qz/20/st/01/qz20st012
3r074v38c,http://localhost:8080/fedora/rest/dev/sx/61/dm/68/sx61dm68v
3r074v373,http://localhost:8080/fedora/rest/dev/3b/59/18/85/3b591885p
3r074v36t,http://localhost:8080/fedora/rest/dev/m0/39/k5/26/m039k5268
3197xm437,http://localhost:8080/fedora/rest/dev/nk/32/2d/76/nk322d76k
3197xm42z,http://localhost:8080/fedora/rest/dev/gh/93/gz/88/gh93gz886
3197xm462,http://localhost:8080/fedora/rest/dev/3b/59/18/85/3b591885p
3197xm45s,http://localhost:8080/fedora/rest/dev/xk/81/jk/87/xk81jk876
3197xm44h,http://localhost:8080/fedora/rest/dev/gb/19/f6/18/gb19f618f
7s75dc65d,http://localhost:8080/fedora/rest/dev/xk/81/jk/83/xk81jk833
7s75dc66p,http://localhost:8080/fedora/rest/dev/m0/39/k5/26/m039k5268
7s75dc67z,http://localhost:8080/fedora/rest/dev/m0/39/k5/26/m039k5268
7s75dc687,http://localhost:8080/fedora/rest/dev/br/86/b3/85/br86b3855
7s75dc69h,http://localhost:8080/fedora/rest/dev/br/86/b3/85/br86b3855
7s75dc708,http://localhost:8080/fedora/rest/dev/9z/90/30/36/9z9030362
37720d14d,http://localhost:8080/fedora/rest/dev/jh/34/3s/69/jh343s69n
37720d15p,http://localhost:8080/fedora/rest/dev/jh/34/3s/69/jh343s69n
37720d16z,http://localhost:8080/fedora/rest/dev/gb/19/f6/18/gb19f618f
37720d177,http://localhost:8080/fedora/rest/dev/db/78/tc/35/db78tc35f
bc386j69s,http://localhost:8080/fedora/rest/dev/m0/39/k5/32/m039k532d
bc386j677,http://localhost:8080/fedora/rest/dev/qn/59/q4/34/qn59q4342
bc386j66z,http://localhost:8080/fedora/rest/dev/np/19/39/65/np193965k
0r967406z,http://localhost:8080/fedora/rest/dev/mg/74/qm/48/mg74qm48c
0r967408h,http://localhost:8080/fedora/rest/dev/jm/21/4p/59/jm214p59n
0r9674077,http://localhost:8080/fedora/rest/dev/mg/74/qm/48/mg74qm48c
jq085k44j,http://localhost:8080/fedora/rest/dev/d7/91/sg/62/d791sg62t
jq085k463,http://localhost:8080/fedora/rest/dev/nc/58/0n/01/nc580n017
jq085k48n,http://localhost:8080/fedora/rest/dev/xk/81/jk/87/xk81jk876
jq085k50p,http://localhost:8080/fedora/rest/dev/jm/21/4p/59/jm214p59n
jq085k51z,http://localhost:8080/fedora/rest/dev/db/78/tc/35/db78tc35f
jq085k45t,http://localhost:8080/fedora/rest/dev/cz/30/pt/06/cz30pt06p
jq085k49x,http://localhost:8080/fedora/rest/dev/m0/39/k5/32/m039k532d
bz60cw59v,http://localhost:8080/fedora/rest/dev/d7/91/sg/62/d791sg62t
bz60cw60m,http://localhost:8080/fedora/rest/dev/3b/59/18/85/3b591885p
bz60cw58k,http://localhost:8080/fedora/rest/dev/gh/93/gz/88/gh93gz886
dz010q501,http://localhost:8080/fedora/rest/dev/db/78/tc/35/db78tc35f
dz010q480,http://localhost:8080/fedora/rest/dev/18/31/ck/18/1831ck18w
dz010q47q,http://localhost:8080/fedora/rest/dev/th/83/kz/77/th83kz77f
dz010q498,http://localhost:8080/fedora/rest/dev/qb/98/mg/06/qb98mg063
zs25x883h,http://localhost:8080/fedora/rest/dev/tm/70/mv/51/tm70mv51j
zs25x884s,http://localhost:8080/fedora/rest/dev/8c/97/kq/91/8c97kq91n
zs25x8852,http://localhost:8080/fedora/rest/dev/sx/61/dm/68/sx61dm68v
zs25x886b,http://localhost:8080/fedora/rest/dev/jm/21/4p/59/jm214p59n
3x816n058,http://localhost:8080/fedora/rest/dev/xk/81/jk/87/xk81jk876
3x816n03q,http://localhost:8080/fedora/rest/dev/gb/19/f6/18/gb19f618f
3x816n040,http://localhost:8080/fedora/rest/dev/xk/81/jk/87/xk81jk876
3x816n06j,http://localhost:8080/fedora/rest/dev/jm/21/4p/59/jm214p59n
5425kb15z,http://localhost:8080/fedora/rest/dev/br/86/b3/85/br86b3855
5425kb167,http://localhost:8080/fedora/rest/dev/jh/34/3s/69/jh343s69n
5425kb18s,http://localhost:8080/fedora/rest/dev/qz/20/st/01/qz20st012
5425kb17h,http://localhost:8080/fedora/rest/dev/xk/81/jk/87/xk81jk876
8g84mm640,http://localhost:8080/fedora/rest/dev/db/78/tc/35/db78tc35f
8g84mm62f,http://localhost:8080/fedora/rest/dev/2z/10/wq/65/2z10wq65r
8g84mm63q,http://localhost:8080/fedora/rest/dev/7s/75/dc/71/7s75dc71j
mg74qm50d,http://localhost:8080/fedora/rest/dev/xk/81/jk/87/xk81jk876
mg74qm52z,http://localhost:8080/fedora/rest/dev/7s/75/dc/71/7s75dc71j
mg74qm51p,http://localhost:8080/fedora/rest/dev/m0/39/k5/32/m039k532d
dv13zt69c,http://localhost:8080/fedora/rest/dev/8c/97/kq/91/8c97kq91n
dv13zt71d,http://localhost:8080/fedora/rest/dev/xk/81/jk/87/xk81jk876
dv13zt704,http://localhost:8080/fedora/rest/dev/9z/90/30/36/9z9030362
dv13zt72p,http://localhost:8080/fedora/rest/dev/qz/20/st/01/qz20st012
dv13zt683,http://localhost:8080/fedora/rest/dev/gb/19/f6/18/gb19f618f
m613mx98m,http://localhost:8080/fedora/rest/dev/tm/70/mv/56/tm70mv56x
m613mx99w,http://localhost:8080/fedora/rest/dev/jm/21/4p/59/jm214p59n
m613mx97b,http://localhost:8080/fedora/rest/dev/7s/75/dc/71/7s75dc71j
m613mx95s,http://localhost:8080/fedora/rest/dev/tm/70/mv/51/tm70mv51j
m613mx962,http://localhost:8080/fedora/rest/dev/mg/74/qm/49/mg74qm49n
ws859f98m,http://localhost:8080/fedora/rest/dev/k6/43/b1/61/k643b161g
ws859f99w,http://localhost:8080/fedora/rest/dev/th/83/kz/75/th83kz75w
xk81jk85n,http://localhost:8080/fedora/rest/dev/8c/97/kq/91/8c97kq91n
xk81jk84c,http://localhost:8080/fedora/rest/dev/br/86/b3/85/br86b3855
xk81jk86x,http://localhost:8080/fedora/rest/dev/22/27/mp/97/2227mp97q
zc77sq452,http://localhost:8080/fedora/rest/dev/xk/81/jk/83/xk81jk833
zc77sq516,http://localhost:8080/fedora/rest/dev/nc/58/0n/01/nc580n017
zc77sq541,http://localhost:8080/fedora/rest/dev/v1/18/rf/06/v118rf068
zc77sq53r,http://localhost:8080/fedora/rest/dev/1z/40/kt/26/1z40kt26d
zc77sq495,http://localhost:8080/fedora/rest/dev/tm/70/mv/51/tm70mv51j
zc77sq48w,http://localhost:8080/fedora/rest/dev/nk/32/2d/76/nk322d76k
zc77sq47m,http://localhost:8080/fedora/rest/dev/br/86/b3/85/br86b3855
zc77sq46b,http://localhost:8080/fedora/rest/dev/br/86/b3/85/br86b3855
zc77sq50x,http://localhost:8080/fedora/rest/dev/2f/75/r8/44/2f75r844w
zc77sq52g,http://localhost:8080/fedora/rest/dev/57/12/m6/92/5712m6923
c534fp37m,http://localhost:8080/fedora/rest/dev/nk/32/2d/76/nk322d76k
c534fp395,http://localhost:8080/fedora/rest/dev/xk/81/jk/87/xk81jk876
c534fp36b,http://localhost:8080/fedora/rest/dev/m0/39/k5/26/m039k5268
c534fp38w,http://localhost:8080/fedora/rest/dev/57/12/m6/92/5712m6923
zw12z558d,http://localhost:8080/fedora/rest/dev/m0/39/k5/26/m039k5268
zw12z567c,http://localhost:8080/fedora/rest/dev/tm/70/mv/56/tm70mv56x
zw12z5620,http://localhost:8080/fedora/rest/dev/jq/08/5k/47/jq085k47c
zw12z559p,http://localhost:8080/fedora/rest/dev/nk/32/2d/76/nk322d76k
zw12z560f,http://localhost:8080/fedora/rest/dev/nk/32/2d/76/nk322d76k
zw12z561q,http://localhost:8080/fedora/rest/dev/ng/45/1h/90/ng451h905
zw12z565t,http://localhost:8080/fedora/rest/dev/3b/59/18/85/3b591885p
zw12z5663,http://localhost:8080/fedora/rest/dev/m0/39/k5/32/m039k532d
zw12z564j,http://localhost:8080/fedora/rest/dev/xk/81/jk/87/xk81jk876
zw12z5638,http://localhost:8080/fedora/rest/dev/xk/81/jk/87/xk81jk876
zw12z568n,http://localhost:8080/fedora/rest/dev/jm/21/4p/59/jm214p59n
dr26xx73q,http://localhost:8080/fedora/rest/dev/bc/38/6j/68/bc386j68h
dr26xx72f,http://localhost:8080/fedora/rest/dev/m0/39/k5/26/m039k5268
nv935333r,http://localhost:8080/fedora/rest/dev/2b/88/qc/61/2b88qc619
nv9353316,http://localhost:8080/fedora/rest/dev/nc/58/0n/01/nc580n017
nv935332g,http://localhost:8080/fedora/rest/dev/xk/81/jk/87/xk81jk876
nv935330x,http://localhost:8080/fedora/rest/dev/m0/39/k5/26/m039k5268
p8418n51k,http://localhost:8080/fedora/rest/dev/sx/61/dm/68/sx61dm68v
p8418n49j,http://localhost:8080/fedora/rest/dev/gb/19/f6/18/gb19f618f
p8418n509,http://localhost:8080/fedora/rest/dev/nk/32/2d/78/nk322d784
p8418n488,http://localhost:8080/fedora/rest/dev/m0/39/k5/26/m039k5268
2v23vt736,http://localhost:8080/fedora/rest/dev/gh/93/gz/88/gh93gz886
2v23vt75r,http://localhost:8080/fedora/rest/dev/xk/81/jk/87/xk81jk876
2v23vt74g,http://localhost:8080/fedora/rest/dev/gb/19/f6/18/gb19f618f
2v23vt761,http://localhost:8080/fedora/rest/dev/m0/39/k5/32/m039k532d
v118rd992,http://localhost:8080/fedora/rest/dev/tm/70/mv/51/tm70mv51j
v118rd98s,http://localhost:8080/fedora/rest/dev/gh/93/gz/88/gh93gz886
v118rf050,http://localhost:8080/fedora/rest/dev/m0/39/k5/32/m039k532d
v118rf01w,http://localhost:8080/fedora/rest/dev/bc/38/6j/68/bc386j68h
v118rf04q,http://localhost:8080/fedora/rest/dev/k0/69/87/93/k06987938
v118rf03f,http://localhost:8080/fedora/rest/dev/xk/81/jk/87/xk81jk876
v118rf025,http://localhost:8080/fedora/rest/dev/nc/58/0n/01/nc580n017
v118rf00m,http://localhost:8080/fedora/rest/dev/tm/70/mv/51/tm70mv51j
1n79h472z,http://localhost:8080/fedora/rest/dev/8c/97/kq/91/8c97kq91n
1n79h4737,http://localhost:8080/fedora/rest/dev/jq/08/5k/47/jq085k47c
1n79h474h,http://localhost:8080/fedora/rest/dev/7s/75/dc/71/7s75dc71j
1n79h471p,http://localhost:8080/fedora/rest/dev/gh/93/gz/88/gh93gz886
1n79h475s,http://localhost:8080/fedora/rest/dev/jm/21/4p/59/jm214p59n
9g54xh99r,http://localhost:8080/fedora/rest/dev/4q/77/fr/79/4q77fr797
9g54xj009,http://localhost:8080/fedora/rest/dev/gb/19/f6/18/gb19f618f
9g54xj02v,http://localhost:8080/fedora/rest/dev/xk/81/jk/87/xk81jk876
9g54xj01k,http://localhost:8080/fedora/rest/dev/63/95/w7/44/6395w7441
df65v823w,http://localhost:8080/fedora/rest/dev/br/86/b3/85/br86b3855
df65v8245,http://localhost:8080/fedora/rest/dev/8c/97/kq/91/8c97kq91n
df65v826q,http://localhost:8080/fedora/rest/dev/7s/75/dc/71/7s75dc71j
df65v825f,http://localhost:8080/fedora/rest/dev/m0/39/k5/32/m039k532d
df65v822m,http://localhost:8080/fedora/rest/dev/4q/77/fr/79/4q77fr797
2227mp96f,http://localhost:8080/fedora/rest/dev/d7/91/sg/62/d791sg62t
2227mp94w,http://localhost:8080/fedora/rest/dev/4q/77/fr/79/4q77fr797
2227mp980,http://localhost:8080/fedora/rest/dev/rb/68/xc/22/rb68xc224
2227mp955,http://localhost:8080/fedora/rest/dev/jh/34/3s/69/jh343s69n
2227mp998,http://localhost:8080/fedora/rest/dev/xk/81/jk/87/xk81jk876
2227mq02c,http://localhost:8080/fedora/rest/dev/7s/75/dc/71/7s75dc71j
2227mq00t,http://localhost:8080/fedora/rest/dev/xk/81/jk/87/xk81jk876
2227mq013,http://localhost:8080/fedora/rest/dev/th/83/kz/77/th83kz77f
gf06g308f,http://localhost:8080/fedora/rest/dev/bc/38/6j/68/bc386j68h
gf06g309q,http://localhost:8080/fedora/rest/dev/th/83/kz/75/th83kz75w
gf06g3075,http://localhost:8080/fedora/rest/dev/ng/45/1h/90/ng451h905
gf06g306w,http://localhost:8080/fedora/rest/dev/br/86/b3/85/br86b3855
gf06g310g,http://localhost:8080/fedora/rest/dev/2b/88/qc/61/2b88qc619
rx913q40h,http://localhost:8080/fedora/rest/dev/jh/34/3s/69/jh343s69n
rx913q39r,http://localhost:8080/fedora/rest/dev/br/86/b3/85/br86b3855
rx913q43b,http://localhost:8080/fedora/rest/dev/m0/39/k5/32/m039k532d
rx913q41s,http://localhost:8080/fedora/rest/dev/tm/70/mv/51/tm70mv51j
rx913q45w,http://localhost:8080/fedora/rest/dev/qz/20/st/01/qz20st012
rx913q422,http://localhost:8080/fedora/rest/dev/5h/73/pw/46/5h73pw46s
rx913q44m,http://localhost:8080/fedora/rest/dev/7s/75/dc/71/7s75dc71j
s1784m18j,http://localhost:8080/fedora/rest/dev/8s/45/q9/09/8s45q909x
s1784m160,http://localhost:8080/fedora/rest/dev/br/86/b3/85/br86b3855
s1784m178,http://localhost:8080/fedora/rest/dev/br/86/b3/85/br86b3855
fb4948845,http://localhost:8080/fedora/rest/dev/nk/32/2d/78/nk322d784
fb494886q,http://localhost:8080/fedora/rest/dev/2z/10/wq/66/2z10wq661
fb494883w,http://localhost:8080/fedora/rest/dev/8c/97/kq/91/8c97kq91n
fb494882m,http://localhost:8080/fedora/rest/dev/tm/70/mv/51/tm70mv51j
fb494885f,http://localhost:8080/fedora/rest/dev/sx/61/dm/68/sx61dm68v
fb494881b,http://localhost:8080/fedora/rest/dev/br/86/b3/85/br86b3855
pc289j29k,http://localhost:8080/fedora/rest/dev/8c/97/kq/91/8c97kq91n
pc289j289,http://localhost:8080/fedora/rest/dev/jh/34/3s/69/jh343s69n
pc289j30b,http://localhost:8080/fedora/rest/dev/xk/81/jk/87/xk81jk876
th83kz722,http://localhost:8080/fedora/rest/dev/jh/34/3s/69/jh343s69n
th83kz74m,http://localhost:8080/fedora/rest/dev/63/95/w7/44/6395w7441
th83kz73b,http://localhost:8080/fedora/rest/dev/gb/19/f6/18/gb19f618f
th83kz78q,http://localhost:8080/fedora/rest/dev/7s/75/dc/71/7s75dc71j
th83kz765,http://localhost:8080/fedora/rest/dev/xk/81/jk/87/xk81jk876
vx021f545,http://localhost:8080/fedora/rest/dev/sx/61/dm/68/sx61dm68v
vx021f51b,http://localhost:8080/fedora/rest/dev/jh/34/3s/69/jh343s69n
vx021f53w,http://localhost:8080/fedora/rest/dev/xk/81/jk/87/xk81jk876
vx021f52m,http://localhost:8080/fedora/rest/dev/nk/32/2d/78/nk322d784
vx021f56q,http://localhost:8080/fedora/rest/dev/2b/88/qc/61/2b88qc619
vx021f588,http://localhost:8080/fedora/rest/dev/ks/65/hc/56/ks65hc566
vx021f570,http://localhost:8080/fedora/rest/dev/mk/61/rh/37/mk61rh373
vx021f55f,http://localhost:8080/fedora/rest/dev/m0/39/k5/32/m039k532d
9s1616563,http://localhost:8080/fedora/rest/dev/jh/34/3s/69/jh343s69n
9s161657c,http://localhost:8080/fedora/rest/dev/tm/70/mv/51/tm70mv51j
9s161661z,http://localhost:8080/fedora/rest/dev/xk/81/jk/87/xk81jk876
9s161660p,http://localhost:8080/fedora/rest/dev/xk/81/jk/87/xk81jk876
9s161658n,http://localhost:8080/fedora/rest/dev/bc/38/6j/68/bc386j68h
9s161659x,http://localhost:8080/fedora/rest/dev/xk/81/jk/87/xk81jk876
05741r990,http://localhost:8080/fedora/rest/dev/bc/38/6j/68/bc386j68h
05741r98q,http://localhost:8080/fedora/rest/dev/jh/34/3s/69/jh343s69n
05741r97f,http://localhost:8080/fedora/rest/dev/jh/34/3s/69/jh343s69n
05741s00j,http://localhost:8080/fedora/rest/dev/nc/58/0n/01/nc580n017
05741s01t,http://localhost:8080/fedora/rest/dev/z6/03/qx/80/z603qx80x
s7526c82v,http://localhost:8080/fedora/rest/dev/mg/74/qm/48/mg74qm48c
s7526c834,http://localhost:8080/fedora/rest/dev/bc/38/6j/68/bc386j68h
s7526c81k,http://localhost:8080/fedora/rest/dev/jh/34/3s/69/jh343s69n
s7526c86z,http://localhost:8080/fedora/rest/dev/th/83/kz/77/th83kz77f
s7526c877,http://localhost:8080/fedora/rest/dev/qb/98/mg/06/qb98mg063
s7526c84d,http://localhost:8080/fedora/rest/dev/th/83/kz/75/th83kz75w
s7526c85p,http://localhost:8080/fedora/rest/dev/xk/81/jk/87/xk81jk876
cf95jb826,http://localhost:8080/fedora/rest/dev/m9/00/nt/77/m900nt773
